Tamil Nadu,Ariyalur,Andimadam,Ilaiyur E,Elaiyur,11.2333000,79.3150000,Dug Well,3.00
Tamil Nadu,Ariyalur,Andimadam,Koovathur (N),Kattathur Dw,11.3069000,79.3494000,Dug Well,1.35
Tamil Nadu,Ariyalur,Andimadam,Koovathur (N),Thandalai,11.2978000,79.3775000,Dug Well,2.60
Tamil Nadu,Ariyalur,Andimadam,Olaiyur,Periyathukurichi,11.4100000,79.3328000,Dug Well,2.55
Tamil Nadu,Ariyalur,Andimadam,Rangiyam,Chidambaram,11.3833000,79.3833000,Dug Well,3.00
Tamil Nadu,Ariyalur,Jayamkondam,Jayakondasolapuram,Jayankondam Dw,11.2128000,79.3644000,Dug Well,3.15
Tamil Nadu,Ariyalur,Jayamkondam,Pappakudi(N),Pappakudi Dw,11.2853000,79.4900000,Dug Well,3.16
Tamil Nadu,Ariyalur,Jayamkondam,Periyavalayam,G.K.Cholapuram,11.2111000,79.3958000,Dug Well,3.40
Tamil Nadu,Ariyalur,T.Palur,Manakethi,Manahothi,11.1394000,79.2378000,Dug Well,3.10
Tamil Nadu,Ariyalur,Thirumanur,Kelaiyur,Kilpazhavur,11.0333000,79.0500000,Dug Well,1.70
Tamil Nadu,Chengalpattu,Chithamur,Atcharappakkam,Acharapakkam1,12.4000000,79.8167000,Dug Well,2.60
Tamil Nadu,Chengalpattu,Chithamur,Sunambedu,Chunamedu,12.2583000,79.9083000,Dug Well,2.10
Tamil Nadu,Chengalpattu,Kattankolathur,Chengalpattu(Natham,Chenglepet1,12.7000000,79.9750000,Dug Well,3.10
"",,,A),,,,,
Tamil Nadu,Chengalpattu,Kattankolathur,Kattankolathur,Kattangulathur,12.8138890,80.0333330,Dug Well,3.10
STATE/UT,DISTRICT,TEHSIL/BLOCK,VILLAGE NAME,SITE NAME,LATITUDE,LONGITUDE,WELL SITE TYPE,WATER
"",,NAME,,,,,,LEVEL
"",,,,,,,,(mbgl)
Tamil Nadu,Chengalpattu,Kattankolathur,Kozapakkam(Oonaman,Kolapakkam,12.8686000,80.1103000,Dug Well,3.20
"",,,jeri),,,,,
Tamil Nadu,Chengalpattu,Kundrathur,Anagaputthur,Anakkaputhur,12.9833000,80.1250000,Dug Well,2.60
Tamil Nadu,Chengalpattu,Kundrathur,Mannivakkam,Mudichur Periurban,12.8919000,80.0689000,Dug Well,1.80
Tamil Nadu,Chengalpattu,Kundrathur,Nanthivaram(Guduvan,Guduvancheri,12.8417000,80.0667000,Dug Well,2.85
"",,,cheri),,,,,
Tamil Nadu,Chengalpattu,Kundrathur,Nanthivaram(Guduvan,Guduvancheri Pz,12.8417000,80.0667000,Bore Well,3.70
"",,,cheri),,,,,
Tamil Nadu,Chengalpattu,Kundrathur,Thiruneermalai,Thiruneermalai,12.9628000,80.1131000,Dug Well,5.20
"",,,,Periurban,,,,
Tamil Nadu,Chengalpattu,Madurantakam,Karunkuzi,Madurantagam1,12.5292000,79.9000000,Dug Well,3.50
Tamil Nadu,Chengalpattu,Madurantakam,Porur,Kolathanallur,12.3472000,79.9083000,Dug Well,2.30
Tamil Nadu,Chengalpattu,Thirukalukundram,Mamallapuram,Mahabalipuram,12.6250000,80.1917000,Dug Well,3.10
Tamil Nadu,Chengalpattu,Thirukalukundram,Mamandur,Mamandur1,12.6500000,79.9417000,Bore Well,1.60
Tamil Nadu,Chengalpattu,Thirukalukundram,Puthupattinam(Solaiku,Sadras,12.5203000,80.1517000,Dug Well,6.50
"",,,ppam),,,,,
Tamil Nadu,Chengalpattu,Thiruporur,Muttukadu,Muttukadu,12.8219000,80.2406000,Dug Well,4.50
Tamil Nadu,Chengalpattu,Thiruporur,Pudupakkam,Thiruporur,12.8083000,80.1875000,Bore Well,2.80
Tamil Nadu,Chengalpattu,Thiruporur,Thirupporur,Tiruporur,12.7292000,80.1917000,Dug Well,3.10
Tamil Nadu,Chengalpattu,Thiruporur,Thirupporur,Tiruporur Pz,12.7200000,80.1850000,Bore Well,2.80
Tamil Nadu,Chengalpattu,Thomas Malai,Chitlapakkam(Kadaperi,Chitlapakkam,12.9406000,80.1375000,Dug Well,2.50
"",,,),,,,,
Tamil Nadu,Chengalpattu,Thomas Malai,Chitlapakkam(Kadaperi,Tambaram1,12.9333000,80.1333000,Dug Well,2.30
"",,,),,,,,
Tamil Nadu,Chengalpattu,Thomas Malai,Hasthinapuram,Hasthinapuram,12.9431000,80.1478000,Dug Well,2.50
Tamil Nadu,Chengalpattu,Thomas Malai,Irumbuliyur,Perungulathur,12.9167000,80.1083000,Bore Well,2.10
Tamil Nadu,Chengalpattu,Thomas Malai,Jameen Pallavaram,Chrompet,12.9514000,80.1392000,Dug Well,2.10
Tamil Nadu,Chengalpattu,Thomas Malai,Madambakkam,Agaram2,12.8875000,80.1486000,Dug Well,3.00
Tamil Nadu,Chengalpattu,Thomas Malai,Moovarasampattu,Kilkattalai,12.9622000,80.1842000,Dug Well,3.10
STATE/UT,DISTRICT,TEHSIL/BLOCK,VILLAGE NAME,SITE NAME,LATITUDE,LONGITUDE,WELL SITE TYPE,WATER
"",,NAME,,,,,,LEVEL
"",,,,,,,,(mbgl)
Tamil Nadu,Chengalpattu,Thomas Malai,Ponmar,Ponmar,12.8556000,80.1694000,Dug Well,3.20
Tamil Nadu,Chengalpattu,Thomas Malai,St.Thomas Mount,Pallavaram,12.9728000,80.1544000,Dug Well,3.00
Tamil Nadu,Chengalpattu,Thomas Malai,Thirisulam,Meenambakkam1,12.9722000,80.1736000,Dug Well,3.20
Tamil Nadu,Chengalpattu,Thomas Malai,Thiruneermalai,Nagalkeni,12.9575000,80.1261000,Dug Well,1.80
Tamil Nadu,Chengalpattu,Thomas Malai,Vengaivaasal,Vengaivasal,12.9003000,80.1711000,Dug Well,7.90
Tamil Nadu,Chennai,Chennai,Egmore (Part 2),Egmore,13.0747000,80.2625000,Dug Well,3.20
Tamil Nadu,Chennai,Chennai,Kodambakkam (Part 2),K.K.Nagar,13.0417000,80.2083000,Dug Well,3.00
Tamil Nadu,Chennai,Chennai,Mylapore (Part 2),Adayar Dw,13.0192000,80.2678000,Dug Well,3.20
Tamil Nadu,Chennai,Chennai,Mylapore (Part 2),Alwarpet,13.0250000,80.2583000,Dug Well,3.15
Tamil Nadu,Chennai,Chennai,Perambur (Part 3),Vyasarpadi Dw,13.1000000,80.2500000,Dug Well,4.20
Tamil Nadu,Chennai,Chennai,Purasawalkam (Part 2),Vepery,13.0833000,80.2708000,Dug Well,2.90
Tamil Nadu,Chennai,Chennai,Saidapet,Guindy (Clri) Pz,13.0222000,80.2250000,Bore Well,1.40
Tamil Nadu,Chennai,Chennai,Thiruvanmiyur,Elegant Flat Dw,12.9828000,80.2636000,Dug Well,3.80
Tamil Nadu,Chennai,Chennai,Thiruvanmiyur,Kalakshetra,12.9875000,80.2639000,Dug Well,2.50
Tamil Nadu,Chennai,Chennai,Tondiarpet (Part 1),Tondiarpet,13.1167000,80.2750000,Dug Well,4.80
Tamil Nadu,Chennai,Chennai,Tondiarpet (Part 4),Vallalar Nagar,13.1056000,80.2814000,Dug Well,3.80
Tamil Nadu,Chennai,Chennai,Triplicane (Part 2),Chepauk,13.0625000,80.2792000,Dug Well,3.70
Tamil Nadu,Chennai,Chennai,Urur,Besant Nagar,13.0014000,80.2700000,Dug Well,3.20
Tamil Nadu,Chennai,Chennai,Vada Agaram,Aminjikarai,13.0667000,80.2278000,Dug Well,4.50
Tamil Nadu,Chennai,Kundrathur,Madanandapuram(Mu,Porur Dw,13.0225000,80.1533000,Dug Well,2.85
"",,,galivakkam),,,,,
Tamil Nadu,Chennai,Puzhal,Kadirvedu,Pulal New,13.1500000,80.2000000,Dug Well,4.40
Tamil Nadu,Chennai,Puzhal,Korattur,Kallikuppam,13.1367000,80.1694000,Dug Well,2.20
Tamil Nadu,Chennai,Thomas Malai,Chemmancheri,Chemmamcheri,12.8633000,80.2261000,Dug Well,2.50
"",,,,Periurban,,,,
Tamil Nadu,Chennai,Thomas Malai,Cholinganallur-,Sholinganallur,12.9000000,80.2333000,Dug Well,3.10
"",,,1(Chozhinganallur-2),Periurban,,,,
Tamil Nadu,Chennai,Thomas Malai,Palavanthangal,Nandambakkam,13.0042000,80.1875000,Dug Well,2.10
STATE/UT,DISTRICT,TEHSIL/BLOCK,VILLAGE NAME,SITE NAME,LATITUDE,LONGITUDE,WELL SITE TYPE,WATER
"",,NAME,,,,,,LEVEL
"",,,,,,,,(mbgl)
Tamil Nadu,Chennai,Thomas Malai,Palavanthangal,St.Thomas Mount,13.0072000,80.1978000,Dug Well,2.80
"",,,,Dw,,,,
Tamil Nadu,Chennai,Thomas Malai,Pallikaranai,Pallikaranai1,12.9336000,80.2042000,Bore Well,1.80
Tamil Nadu,Chennai,Thomas Malai,Utthandi,Uthandi,12.8694000,80.2472000,Dug Well,3.90
Tamil Nadu,Chennai,Villivakkam,Mugapair,Tirumangalam,13.0833000,80.1875000,Dug Well,2.60
Tamil Nadu,Coimbatore,Anamalai,Marchanaickenpalaya,Ambarampalayam,10.6353000,76.9411000,Dug Well,2.60
"",,,m,,,,,
Tamil Nadu,Coimbatore,Annur,Annur,Annur Pz,11.2250000,77.1083000,Bore Well,10.37
Tamil Nadu,Coimbatore,Annur,Annur,Annur1,11.2333000,77.1083000,Dug Well,11.15
Tamil Nadu,Coimbatore,Annur,Kattampatty,Ganesapuram,11.1758000,77.0575000,Dug Well,19.36
Tamil Nadu,Coimbatore,Annur,Kuppanur,Pongalur Pz,11.2983000,77.0789000,Bore Well,4.28
Tamil Nadu,Coimbatore,Karamadai,Karamadai,Thekkampatti Pz,11.2558000,76.9347000,Bore Well,7.00
Tamil Nadu,Coimbatore,Karamadai,Mettupalayam (M),Mettupalayam Pz,11.3000000,76.9472000,Bore Well,11.35
Tamil Nadu,Coimbatore,Kinathukadavu,Kinthukadavu(Nallattip,Kinathukadavu Pz,10.8167000,77.0167000,Bore Well,6.25
"",,,alayam),,,,,
Tamil Nadu,Coimbatore,Kinathukadavu,Periya Negamam,Chinnaripalayam,10.7292000,77.0917000,Dug Well,3.60
Tamil Nadu,Coimbatore,Kinathukadavu,Pottayandipuram,Sokkanur,10.8083000,76.9583000,Dug Well,7.16
Tamil Nadu,Coimbatore,Kinathukadavu,Sozhanur,Kinathukadavu,10.7333000,77.0292000,Dug Well,5.92
Tamil Nadu,Coimbatore,Madukkarai,Ettimadai,Pichanur,10.8750000,76.9000000,Bore Well,11.44
Tamil Nadu,Coimbatore,Madukkarai,Madukarai,Madukkarai-Pz,10.9083000,76.9667000,Bore Well,15.48
Tamil Nadu,Coimbatore,Periyanaickanpalaya,Aupperpalayam(Puliya,Cwc Campus Pz,11.0414000,77.0006000,Bore Well,5.35
"",,m,kulam),,,,,
Tamil Nadu,Coimbatore,Periyanaickanpalaya,Billichi (E) And (W),P.N.Palayam,11.2069000,76.9922000,Dug Well,9.60
"",,m,,,,,,
Tamil Nadu,Coimbatore,Periyanaickanpalaya,Goundenpalayam,Ghs Ganapathi Pz,11.0419000,76.9419000,Bore Well,3.50
"",,m,,,,,,
Tamil Nadu,Coimbatore,Periyanaickanpalaya,Vadavalli,Kalvirampalayam Pz,11.0314000,76.8844000,Bore Well,46.90
"",,m,,(Primary School),,,,
Tamil Nadu,Coimbatore,Pollachi North,Nalluthukuzhuli,Ponnaiyur,10.6750000,76.9375000,Dug Well,5.50
Tamil Nadu,Coimbatore,Pollachi North,Thalakkarai,Gopalapuaram,10.6958000,76.9375000,Dug Well,3.98
Tamil Nadu,Coimbatore,Pollachi South,T. Kottampatty,Pollachi1,10.6611000,77.0000000,Dug Well,1.57
STATE/UT,DISTRICT,TEHSIL/BLOCK,VILLAGE NAME,SITE NAME,LATITUDE,LONGITUDE,WELL SITE TYPE,WATER
"",,NAME,,,,,,LEVEL
"",,,,,,,,(mbgl)
Tamil Nadu,Coimbatore,Sarkarsamakulam,Saravanmpatty,Saravanampatti,11.0694000,77.0014000,Dug Well,10.00
Tamil Nadu,Coimbatore,Sarkarsamakulam,Saravanmpatty,Saravanampatti1,11.0750000,77.0014000,Bore Well,19.05
Tamil Nadu,Coimbatore,Sulur,Karumathampatty,Samalapuram,11.0875000,77.1792000,Bore Well,2.40
Tamil Nadu,Coimbatore,Sulur,Sulur,Sulur,11.0250000,77.1250000,Dug Well,2.25
Tamil Nadu,Coimbatore,Thondamuthur,Kuniamuthur(Komarap,Sugunapuram,10.9542000,76.9500000,Dug Well,15.55
"",,,alayam),(B.K.Pudur),,,,
Tamil Nadu,Coimbatore,Thondamuthur,Kurichy,Podanur1,10.9667000,76.9833000,Dug Well,8.00
Tamil Nadu,Coimbatore,Thondamuthur,Singanallur(Sowripalay,Cbe Stock Exchange,10.9964000,77.0050000,Bore Well,10.37
"",,,am),Pz,,,,
Tamil Nadu,Coimbatore,Thondamuthur,Singanallur(Sowripalay,Singanallur,10.9964000,77.0208000,Dug Well,4.25
"",,,am),,,,,
Tamil Nadu,Coimbatore,Thondamuthur,Thelungupalayam,Telungupalayam Pz,10.9833000,76.9228000,Bore Well,3.35
Tamil Nadu,Coimbatore,Thondamuthur,Vadavalli,Vadavalli,11.0250000,76.9083000,Dug Well,39.10
Tamil Nadu,Cuddalore,Cuddalore,Thiyagavalli,Nadutitu Dw,11.6392000,79.7472000,Dug Well,4.09
Tamil Nadu,Cuddalore,Cuddalore,Vanniyar,Cuddalore1,11.7644000,79.7647000,Dug Well,3.85
"",,,Palayam(Chellankuppa,,,,,
"",,,m),,,,,
Tamil Nadu,Cuddalore,Kammapuram,Gangaikondan,Neyveli1,11.5583000,79.4833000,Dug Well,3.80
Tamil Nadu,Cuddalore,Kammapuram,Pudhukoraipettai,Sattamangalam,11.5186000,79.3697000,Dug Well,3.10
Tamil Nadu,Cuddalore,Kattumannarkoil,Ma.Arasur,Komaratchi,11.2667000,79.6208000,Dug Well,3.97
Tamil Nadu,Cuddalore,Kattumannarkoil,Mannargudi,Kattumannarkudi,11.2750000,79.5472000,Dug Well,3.30
Tamil Nadu,Cuddalore,Kumaratchi,Solatharam,Solatharam,11.3617000,79.5083000,Dug Well,2.00
Tamil Nadu,Cuddalore,Kumaratchi,Veeranatham,Veeranatham,11.3058000,79.5939000,Dug Well,2.60
Tamil Nadu,Cuddalore,Kurinjipadi,Alappakkam,Keelpuvanikuppam,11.6011000,79.7189000,Dug Well,2.85
"",,,,Dw,,,,
Tamil Nadu,Cuddalore,Kurinjipadi,Kottagam,Karunguli Dw,11.5222000,79.5256000,Dug Well,1.60
Tamil Nadu,Cuddalore,Kurinjipadi,Kundiamallur North,Kundiamallur Dw,11.5269000,79.6517000,Dug Well,10.07
Tamil Nadu,Cuddalore,Kurinjipadi,Parvathipuram,Vadalur,11.5375000,79.5417000,Dug Well,3.25
Tamil Nadu,Cuddalore,Kurinjipadi,Puliyur (East)(Puliyur,Kattuvegakollai Dw,11.6475000,79.6392000,Dug Well,6.25
"",,,West),,,,,
Tamil Nadu,Cuddalore,Kurinjipadi,Sepalanatham,Seerakuppam Dw,11.5294000,79.5311000,Dug Well,3.75
STATE/UT,DISTRICT,TEHSIL/BLOCK,VILLAGE NAME,SITE NAME,LATITUDE,LONGITUDE,WELL SITE TYPE,WATER
"",,NAME,,,,,,LEVEL
"",,,,,,,,(mbgl)
Tamil Nadu,Cuddalore,Kurinjipadi,Serakuppam(Kurinjipad,Kurinjipadi,11.5625000,79.5917000,Dug Well,4.48
"",,,i North),,,,,
Tamil Nadu,Cuddalore,Kurinjipadi,Serakuppam(Kurinjipad,Reddipalayam Dw,11.5394000,79.5914000,Dug Well,2.20
"",,,i North),,,,,
Tamil Nadu,Cuddalore,Kurinjipadi,T.Palayam,Anthanampettai Dw,11.6067000,79.6350000,Dug Well,1.70
Tamil Nadu,Cuddalore,Kurinjipadi,Terkumelur,Tekkumellur Dw,11.5892000,79.5275000,Dug Well,2.30
Tamil Nadu,Cuddalore,Kurinjipadi,Theerthanagiri,Teerthanagiri Dw,11.5692000,79.6789000,Dug Well,2.27
Tamil Nadu,Cuddalore,Kurinjipadi,Thenkuthu(Neyveli Ts),Abaddaranapuram,11.5819000,79.5533000,Dug Well,2.10
"",,,,Dw,,,,
Tamil Nadu,Cuddalore,Kurinjipadi,Thiruchopuram,Tiruchchopuram Dw,11.6164000,79.7414000,Dug Well,5.00
Tamil Nadu,Cuddalore,Kurinjipadi,Vadakuthu,Gandhinagar-Nlc,11.6175000,79.5539000,Dug Well,13.90
"",,,,Arch Gate Dw,,,,
Tamil Nadu,Cuddalore,Kurinjipadi,Vegakollai,Vegakollai,11.6686000,79.5819000,Dug Well,7.15
Tamil Nadu,Cuddalore,Mangalur,M.Podayur,Maapodaiyur Dw,11.4817000,79.0458000,Dug Well,5.30
Tamil Nadu,Cuddalore,Mangalur,Ramanatham,Tholudur(Dug ),11.4083000,79.0083000,Dug Well,3.85
Tamil Nadu,Cuddalore,Nallur,Veppur,Veppur,11.5322000,79.1239000,Dug Well,1.89
Tamil Nadu,Cuddalore,Parangipettai,Ariyakozhtti,Periyakumudhi,11.4894000,79.7156000,Dug Well,2.36
Tamil Nadu,Cuddalore,Parangipettai,C.Manambadi,Killai,11.4458000,79.7639000,Dug Well,2.10
Tamil Nadu,Cuddalore,Parangipettai,Parangipettai,Porto-Nova,11.4917000,79.7542000,Dug Well,1.80
Tamil Nadu,Cuddalore,Vridhachalam,Kavanai(Vayalur),Vridhachalam,11.5167000,79.3333000,Dug Well,9.20
Tamil Nadu,Cuddalore,Vridhachalam,Ko. Boovanur,Kopuvanur,11.6083000,79.3167000,Dug Well,2.16
Tamil Nadu,Cuddalore,Vridhachalam,Nallur,Nallur Pz,11.5683000,79.1900000,Bore Well,5.07
Tamil Nadu,Dharmapuri,Dharmapuri,Settikarai,Kaveripattinathankot,12.1461000,78.1733000,Dug Well,3.35
"",,,,tai,,,,
Tamil Nadu,Dharmapuri,Dharmapuri,Thippireddihalli,Bommidimalapurm,12.0000000,78.2500000,Dug Well,3.20
Tamil Nadu,Dharmapuri,Dharmapuri,Virupakshipuram,Bharathipuram,12.1172000,78.1531000,Dug Well,9.70
Tamil Nadu,Dharmapuri,Harur,A.Pallipatti,A.Pallipatti,11.9403000,78.4017000,Dug Well,6.98
Tamil Nadu,Dharmapuri,Harur,Harur,Harur1,12.0417000,78.4833000,Dug Well,3.25
Tamil Nadu,Dharmapuri,Harur,Harur,Harur2,12.0514000,78.4833000,Bore Well,10.37
STATE/UT,DISTRICT,TEHSIL/BLOCK,VILLAGE NAME,SITE NAME,LATITUDE,LONGITUDE,WELL SITE TYPE,WATER
"",,NAME,,,,,,LEVEL
"",,,,,,,,(mbgl)
Tamil Nadu,Dharmapuri,Harur,Iachchambadi,Echambadi Dw,12.1128000,78.4942000,Dug Well,5.50
Tamil Nadu,Dharmapuri,Harur,Kottapatty,Kottapatti,11.9778000,78.6625000,Bore Well,3.77
Tamil Nadu,Dharmapuri,Harur,Mondukuli,Mullaivanam,12.0975000,78.6289000,Dug Well,9.00
Tamil Nadu,Dharmapuri,Harur,Pudupatti,Mukkareddipatti,11.9667000,78.4167000,Dug Well,10.55
Tamil Nadu,Dharmapuri,Harur,Theerthamalai,Thirthamalai Dw,12.1017000,78.5892000,Dug Well,5.65
Tamil Nadu,Dharmapuri,Kaveripattanam,Irumattur,Irumattur New,12.2611000,78.3019000,Dug Well,6.35
Tamil Nadu,Dharmapuri,Morappur,Gobinathampatti,Karthankulam Dw,12.1331000,78.3197000,Dug Well,8.15
Tamil Nadu,Dharmapuri,Morappur,Hunisinahalli,Sillarahalli,12.0525000,78.2806000,Dug Well,5.15
Tamil Nadu,Dharmapuri,Morappur,Ichchambadi,Ecchambadi,12.2017000,78.3544000,Bore Well,6.58
Tamil Nadu,Dharmapuri,Morappur,Jakkupatti,Jaggubathipalayam,12.1942000,78.2950000,Bore Well,8.40
Tamil Nadu,Dharmapuri,Morappur,Maniyabadi,Odasalapatti,12.1417000,78.2917000,Dug Well,4.95
Tamil Nadu,Dharmapuri,Morappur,Maniyabadi,Odasalapatti X Road,12.1431000,78.2844000,Dug Well,5.60
Tamil Nadu,Dharmapuri,Morappur,Rasalampatti,Morappur Dw,12.1247000,78.3989000,Dug Well,8.50
Tamil Nadu,Dharmapuri,Nallampalli,Toppur Kanigarahalli,Thoppur (D),11.9433000,78.0481000,Dug Well,7.00
Tamil Nadu,Dharmapuri,Nallampalli,Toppur Kanigarahalli,Thoppur Pz,11.9403000,78.0594000,Bore Well,4.53
Tamil Nadu,Dharmapuri,Pappireddipatti,Molaiyanur,Papireddipatti1,11.9167000,78.3361000,Dug Well,2.80
Tamil Nadu,Dharmapuri,Pennagaram,Konangihalli,Nagadasampatti,12.1333000,77.9833000,Dug Well,2.15
Tamil Nadu,Dharmapuri,Pennagaram,Pennagaram,Pennagaram1,12.1250000,77.9000000,Dug Well,7.95
Tamil Nadu,Dharmapuri,Pennagaram,Pennagaram,Hogenakkal,12.1236000,77.8083000,Dug Well,4.35
Tamil Nadu,Dindigul,Athoor,Thoppampatty,Gandhigram,10.2583000,77.9250000,Dug Well,3.07
Tamil Nadu,Dindigul,Dindigul,Balakrishnapuram,Hanumanthanagar,10.3514000,77.9944000,Dug Well,2.45
Tamil Nadu,Dindigul,Dindigul,Dindigul (M),Dindigul2,10.3667000,77.9708000,Dug Well,1.52
Tamil Nadu,Dindigul,Dindigul,Dindigul (M),Paraipatti,10.3583000,77.9750000,Dug Well,1.55
Tamil Nadu,Dindigul,Dindigul,Seelapadi,Chellamantadi,10.4072000,78.0025000,Dug Well,3.00
Tamil Nadu,Dindigul,Dindigul,Seelapadi,Nandavanampatti,10.3756000,77.9853000,Dug Well,2.18
Tamil Nadu,Dindigul,Guziliamparai,Alambadi,Idayapatti,10.7583000,78.0333000,Dug Well,10.80
Tamil Nadu,Dindigul,Guziliamparai,Koombur,Kakkinapatti,10.6714000,77.9922000,Dug Well,5.60
Tamil Nadu,Dindigul,Guziliamparai,Palayam,Guzilamparai,10.6806000,78.1156000,Dug Well,1.70
STATE/UT,DISTRICT,TEHSIL/BLOCK,VILLAGE NAME,SITE NAME LATITUDE,,LONGITUDE,WELL SITE TYPE,WATER
"",,NAME,,,,,,LEVEL
"",,,,,,,,(mbgl)
Tamil Nadu,Dindigul,Guziliamparai,Palayam,Muthampattipalaya 10.7272000,,78.1392000,Dug Well,3.48
"",,,,m,,,,
Tamil Nadu,Dindigul,Kodaikanal,Kodaikanal,Kodaikanal 10.2347000,,77.4833000,Dug Well,6.73
Tamil Nadu,Dindigul,Kodaikanal,Kodaikanal,Perumal Malai 10.2681000,,77.5417000,Dug Well,1.01
Tamil Nadu,Dindigul,Kodaikanal,Pannaikadu,Uthu 10.2683000,,77.6178000,Dug Well,2.20
Tamil Nadu,Dindigul,Nattam,Natham,Natham1 10.2222000,,78.2472000,Dug Well,4.10
Tamil Nadu,Dindigul,Oddanchatram,Oddanchatram,Oodanchatram 10.4875000,,77.7542000,Dug Well,2.58
Tamil Nadu,Dindigul,Oddanchatram,Palakkanoothu,Palakanthu 10.4658000,,77.8056000,Dug Well,2.60
Tamil Nadu,Dindigul,Palani,Kanakkanpatty(Pachala,Kanakkanpatti 10.4750000,,77.5667000,Dug Well,1.83
"",,,nayackenpatti),,,,,
Tamil Nadu,Dindigul,Palani,Palani,Palani2 10.4333000,,77.5125000,Dug Well,2.87
Tamil Nadu,Dindigul,Palani,Virupatchi,Pudu Ettama Nayakar 10.4619000,,77.7061000,Dug Well,4.70
"",,,,Patti,,,,
Tamil Nadu,Dindigul,Reddiarchatram,Kamatchipuram,Reddiarchattram 10.4167000,,77.8611000,Dug Well,5.20
Tamil Nadu,Dindigul,Sanarpatti,Vengamanoothu,Vadamadurai 10.3583000,,78.1000000,Dug Well,6.88
Tamil Nadu,Dindigul,Thoppampatti,Chatrapatty,Chattrapatti 10.4667000,,77.6583000,Dug Well,3.66
Tamil Nadu,Dindigul,Thoppampatti,Thummalapatty,Thumbalapatti 10.5333000,,77.5208000,Dug Well,6.60
Tamil Nadu,Dindigul,Thoppampatti,Velampatty,Thoppampatti 10.5900000,,77.5269000,Dug Well,2.20
Tamil Nadu,Dindigul,Vadamadurai,Thamaraipadi,Thamaraipadi 10.4053000,,78.0453000,Dug Well,1.98
Tamil Nadu,Dindigul,Vedasandur,Nagayakottai,Vaivespuram 10.5458000,,78.0719000,Dug Well,4.50
Tamil Nadu,Dindigul,Vedasandur,Nathapatty,Vedasandur New 10.5475000,,77.9711000,Dug Well,4.42
Tamil Nadu,Dindigul,Vedasandur,Padiyur,Sundarapuri 10.4597000,,78.0272000,Dug Well,6.55
Tamil Nadu,Dindigul,Vedasandur,Palapatty,P.Alagapuri 10.5983000,,77.9756000,Dug Well,4.08
Tamil Nadu,Erode,Ammapet,Ammapettai,Ammapet1 11.6250000,,77.7167000,Bore Well,5.90
Tamil Nadu,Erode,Ammapet,Ammapettai,Ammapet2 11.6194000,,77.7444000,Dug Well,3.65
Tamil Nadu,Erode,Ammapet,Chennampatti,Chennampatti Pz 11.7011000,,77.6719000,Bore Well,5.78
Tamil Nadu,Erode,Ammapet,Ilipulli,Gandhinagar 11.6589000,,77.6847000,Dug Well,6.30
"",,,,Thaneerpanthalpalay,,,,
"",,,,am,,,,
Tamil Nadu,Erode,Ammapet,Ilipulli,Guruvareddiyur 11.6417000,,77.6833000,Bore Well,5.77
Tamil Nadu,Erode,Ammapet,Ilipulli,Guvuar Dw 11.6414000,,77.6822000,Dug Well,4.10
Tamil Nadu,Erode,Ammapet,Kesarimangalam,Krishnapuram 11.5367000,,77.7097000,Dug Well,4.00
STATE/UT,DISTRICT,TEHSIL/BLOCK,VILLAGE NAME,SITE NAME,LATITUDE,LONGITUDE,WELL SITE TYPE,WATER
"",,NAME,,,,,,LEVEL
"",,,,,,,,(mbgl)
Tamil Nadu,Erode,Ammapet,Kurichi(Kurichi -B),Kurichi,11.5733000,77.6939000,Dug Well,3.07
Tamil Nadu,Erode,Ammapet,Kurichi(Kurichi -B),Kurichi Pz,11.5731000,77.6950000,Bore Well,2.45
Tamil Nadu,Erode,Ammapet,Mathur,Alampalayam Pz,11.6272000,77.6061000,Bore Well,3.46
Tamil Nadu,Erode,Ammapet,Mugasipudur,Punnachipudur Dw,11.5919000,77.6661000,Dug Well,6.48
Tamil Nadu,Erode,Ammapet,Vellitiruppur,Vellitirupur,11.6208000,77.6333000,Dug Well,1.76
Tamil Nadu,Erode,Anthiiyur,Athani,Attani,11.5242000,77.5167000,Dug Well,11.10
Tamil Nadu,Erode,Anthiiyur,Bargur,Bhavani1,11.8083000,77.5333000,Dug Well,7.90
Tamil Nadu,Erode,Anthiiyur,Brammadesam,Kattupalayam Pz,11.5453000,77.5953000,Bore Well,3.05
Tamil Nadu,Erode,Anthiiyur,Kettisamudram,Pudupalayam1,11.5944000,77.5875000,Dug Well,2.75
Tamil Nadu,Erode,Bhavani,Bhavani,Urachikottai,11.4847000,77.6917000,Bore Well,2.15
Tamil Nadu,Erode,Bhavani,Kavindapadi(Kavindapa,Kavundapadi1,11.4222000,77.5583000,Dug Well,3.70
"",,,di -B),,,,,
Tamil Nadu,Erode,Bhavani,Kavindapadi(Kavindapa,Kavundappadi,11.4333000,77.5583000,Bore Well,4.51
"",,,di -B),,,,,
Tamil Nadu,Erode,Bhavani,Oricheri,Ooricheri,11.4650000,77.6058000,Dug Well,4.78
Tamil Nadu,Erode,Bhavani,Punnam,Punnam Pz,11.5072000,77.6139000,Bore Well,2.54
Tamil Nadu,Erode,Bhavani,Punnam,Settunampalayam Pz,11.5200000,77.6033000,Bore Well,8.70
Tamil Nadu,Erode,Bhavani,Varadhanallur,Varadanallur,11.4933000,77.6986000,Dug Well,2.15
Tamil Nadu,Erode,Bhavanisagar,Punjai Puliampatti,Pungaipuliampatti,11.3500000,77.1667000,Bore Well,7.70
Tamil Nadu,Erode,Bhavanisagar,Punjai Puliampatti,Punjai Puliyampatti,11.3528000,77.1694000,Dug Well,5.70
Tamil Nadu,Erode,Bhavanisagar,Thoppampalayam,Kottamangalam,11.4583000,77.1333000,Bore Well,6.14
Tamil Nadu,Erode,Chennimalai,Chennimalai -B,Chennimalai2,11.1625000,77.5972000,Dug Well,6.05
Tamil Nadu,Erode,Chennimalai,Ingur(Ingur - B),Ingur New,11.2258000,77.5814000,Dug Well,2.68
Tamil Nadu,Erode,Chennimalai,Thenmugam Vellode,Vellodu New,11.2361000,77.6586000,Dug Well,2.95
Tamil Nadu,Erode,Erode,Elavamalai,Periyapuliyur Pz,11.4283000,77.6492000,Bore Well,1.20
Tamil Nadu,Erode,Erode,Erode (B),Erode2,11.3333000,77.7333000,Dug Well,6.15
Tamil Nadu,Erode,Erode,Periyapuliyur,Vadakkuthaieripalaya,11.4022000,77.6375000,Dug Well,5.25
STATE/UT,DISTRICT,TEHSIL/BLOCK,VILLAGE NAME,SITE NAME,LATITUDE,LONGITUDE,WELL SITE TYPE,WATER
"",,NAME,,,,,,LEVEL
"",,,,,,,,(mbgl)
Tamil Nadu,Erode,Erode,Suriyampalayam(Suriya,Chittodu,11.3917000,77.6778000,Dug Well,3.40
"",,,mpalayam (B)),,,,,
Tamil Nadu,Erode,Gobichettipalayam,Veerapandi,Gobichettipalayam,11.4500000,77.4500000,Bore Well,7.00
Tamil Nadu,Erode,Kodumudi,A.Unjalur,Unjalur,11.1250000,77.8750000,Dug Well,2.05
Tamil Nadu,Erode,Kodumudi,Kodumudi(Kodumudi,Kodumudi Pz,11.0819000,77.8853000,Bore Well,4.17
"",,,(B),,,,,
Tamil Nadu,Erode,Kodumudi,Punjaikolanalli(Punjaik,Periyakolanalli Pz,11.1744000,77.8567000,Bore Well,1.76
"",,,olanalli (B),,,,,
Tamil Nadu,Erode,Modakkuruchi,Aval Poondurai,Avalpundurai,11.2333000,77.7208000,Bore Well,1.95
Tamil Nadu,Erode,Modakkuruchi,Elumathur(Elumathur,Elmattur,11.1944000,77.7792000,Dug Well,2.05
"",,,(B),,,,,
Tamil Nadu,Erode,Modakkuruchi,Punjai Kalamangalam,Uthandipalayam,11.2464000,77.8361000,Dug Well,2.30
Tamil Nadu,Erode,Modakkuruchi,Vadugapatti(Vadugapa,Archalur,11.1625000,77.7000000,Dug Well,4.80
"",,,tti (B),,,,,
Tamil Nadu,Erode,Nambiyur,Ozhalakkoil,Malaiyapalayam Pz,11.2903000,77.3306000,Bore Well,2.40
Tamil Nadu,Erode,Perundurai,Karumandisellipalayam,Perundurai1,11.2792000,77.5847000,Dug Well,13.25
Tamil Nadu,Erode,Perundurai,Pandiyampalayam(Pan,Pandiyampalayam Pz,11.3983000,77.5175000,Bore Well,8.90
"",,,diyampalayam -B),,,,,
Tamil Nadu,Erode,Perundurai,Pethampalayam -B,Nasiyanur,11.3361000,77.5861000,Dug Well,2.40
Tamil Nadu,Erode,Perundurai,Ponmudi,Ponmudi,11.2608000,77.5303000,Dug Well,21.60
Tamil Nadu,Erode,Sathiyamangalam,Indiampalayam,Indiampalayam,11.4500000,77.2694000,Dug Well,2.78
Tamil Nadu,Erode,Sathiyamangalam,Kavilipalayam,Kavilipalayam Pz,11.3792000,77.2278000,Bore Well,2.55
Tamil Nadu,Erode,Sathiyamangalam,Nambiyur(Nambiyur B),Nambiyur,11.3606000,77.3208000,Dug Well,3.15
Tamil Nadu,Erode,Sathiyamangalam,Pazhayakalaiyanur,Ariyappanpalayam Pz,11.4756000,77.2542000,Bore Well,4.80
Tamil Nadu,Erode,Sathiyamangalam,Rangasamudram,Sathiyamangalam,11.5028000,77.2472000,Dug Well,8.15
STATE/UT,DISTRICT,TEHSIL/BLOCK,VILLAGE NAME,SITE NAME,LATITUDE,LONGITUDE,WELL SITE TYPE,WATER
"",,NAME,,,,,,LEVEL
"",,,,,,,,(mbgl)
Tamil Nadu,Erode,Sathiyamangalam,Rangasamudram,Sathyamangalam1,11.4972000,77.2361000,Bore Well,7.80
Tamil Nadu,Erode,Talavadi,Guttiyalaitur,Rajanagaram,11.5472000,77.1417000,Dug Well,8.51
Tamil Nadu,Erode,Talavadi,Haasanur,Asanur Pz,11.6739000,77.1289000,Bore Well,14.30
Tamil Nadu,Erode,Talavadi,Ikkarai Thathapalli,Murukkandurai,11.4833000,77.1500000,Dug Well,2.05
"",,,,(Bhavanisagar),,,,
Tamil Nadu,Erode,Talavadi,Ikkarai Thathapalli,Velliyampalayamput,11.4886000,77.1564000,Dug Well,7.10
"",,,,hur,,,,
Tamil Nadu,Erode,Talavadi,Ikkarai Thathapalli,Velliyampalayamput,11.4886000,77.1564000,Bore Well,6.25
"",,,,hur Pz,,,,
Tamil Nadu,Erode,Talavadi,Rajannagar,Puduvadavalli,11.5417000,77.1761000,Dug Well,14.30
Tamil Nadu,Erode,Talavadi,Rajannagar,Rajan Nagar Pz,11.5289000,77.1422000,Bore Well,7.30
Tamil Nadu,Erode,Talavadi,Thalavadi,Talavadi New,11.7756000,77.0231000,Dug Well,1.80
Tamil Nadu,Erode,Thookanaickenpalay,Alukuli,Alukuli Pz,11.4481000,77.3578000,Bore Well,5.30
"",,am,,,,,,
Tamil Nadu,Erode,Thookanaickenpalay,Arakkankottai,Arakkan,11.4969000,77.3431000,Dug Well,2.68
"",,am,,Kottai(Modur,,,,
"",,,,Diversion Pirivu),,,,
Tamil Nadu,Erode,Thookanaickenpalay,Nanjai,Bangalapudhur,11.5042000,77.4083000,Dug Well,10.17
"",,am,Thuraiyampalayam,,,,,
Tamil Nadu,Erode,Thookanaickenpalay,Punjai,Punjaiduraiampalaya,11.5131000,77.4233000,Dug Well,3.07
"",,am,Thuraiyampalayam,m,,,,
Tamil Nadu,Erode,Thookanaickenpalay,Thadapalli Gramam,Kasipalayam (E),11.4556000,77.3394000,Dug Well,3.90
"",,am,,,,,,
Tamil Nadu,Erode,Thookanaickenpalay,Veerapandi,Gobichettipalayam1,11.4583000,77.4458000,Dug Well,2.31
"",,am,,,,,,
Tamil Nadu,Erode,Uthukuli,Moongilpalayam,Vijayamangalam1,11.2417000,77.5042000,Dug Well,12.25
Tamil Nadu,Kallakurichchi,Chinnasalem,Kachirayapalaiyam,Kacharapalayam,11.7672000,78.8700000,Dug Well,4.50
Tamil Nadu,Kallakurichchi,Chinnasalem,Takarai,Kallakurichi2,11.7361000,78.8500000,Dug Well,3.13
Tamil Nadu,Kallakurichchi,Kallakurichi,Indali,Indili Dw,11.6803000,78.9192000,Dug Well,5.45
Tamil Nadu,Kallakurichchi,Kallakurichi,Indali,Ulagamkathan,11.6953000,78.9347000,Dug Well,5.25
"",,,,Thimmiya Nagar,,,,
Tamil Nadu,Kallakurichchi,Kallakurichi,Kallakurichi,Kallakurichi1,11.7417000,78.9667000,Bore Well,3.00
STATE/UT,DISTRICT,TEHSIL/BLOCK,VILLAGE NAME,SITE NAME,LATITUDE,LONGITUDE,WELL SITE TYPE,WATER
"",,NAME,,,,,,LEVEL
"",,,,,,,,(mbgl)
Tamil Nadu,Kallakurichchi,Kallakurichi,Siruvathur,Chinnasalem1,11.6250000,78.9500000,Dug Well,0.63
Tamil Nadu,Kallakurichchi,Kallakurichi,Thachur,Alathur,11.7056000,78.9700000,Dug Well,3.35
Tamil Nadu,Kallakurichchi,Kalrayan Hills,Mundiyur,Omalur,11.7458000,78.7458000,Dug Well,4.80
Tamil Nadu,Kallakurichchi,Mugaiyur,Putthagaram,Sadaikattuattipattu,11.9986000,79.1658000,Dug Well,9.10
"",,,,Dw,,,,
Tamil Nadu,Kallakurichchi,Mugaiyur,Thirukoilur (North),Tirukkoilur1,11.9583000,79.2167000,Dug Well,2.20
Tamil Nadu,Kallakurichchi,Rishivandiyam,Rishivanthiyam,Rishivandiyam,11.8000000,79.0917000,Dug Well,2.52
Tamil Nadu,Kallakurichchi,Sankarapuram,Kattuvannanchur,Sankarapuram,11.8833000,78.9167000,Dug Well,4.00
Tamil Nadu,Kallakurichchi,Sankarapuram,Kattuvannanchur,Sankarapuram1,11.8833000,78.9167000,Bore Well,1.85
Tamil Nadu,Kallakurichchi,Sankarapuram,Vadachettiyanthal,Vadasemapalayam,11.8592000,78.9314000,Dug Well,3.97
Tamil Nadu,Kallakurichchi,Thiyagadurgam,Periyamampattu,Tyagadurgam,11.7306000,79.0917000,Bore Well,2.13
Tamil Nadu,Kallakurichchi,Thiyagadurgam,Thimmalai,Timmalai Pz,11.7292000,79.1194000,Bore Well,1.44
Tamil Nadu,Kallakurichchi,Thiyagadurgam,Vazhavandhankuppam,Vazhavanthan,11.7219000,79.1289000,Dug Well,3.25
"",,,,Kuppam,,,,
Tamil Nadu,Kallakurichchi,Thiyagadurgam,Vilakkur,Tyagadurgam1,11.7200000,79.0778000,Dug Well,3.90
Tamil Nadu,Kallakurichchi,Tirukoilur,Kottakam,Mambazhapattu,11.9750000,79.1333000,Dug Well,4.00
Tamil Nadu,Kallakurichchi,Tirukoilur,Mudiyanoor,Rajampalayam Dw,11.9458000,79.1378000,Dug Well,6.70
Tamil Nadu,Kallakurichchi,Tirunavalur,Senkurichi,Vellaiuyur Dw,11.7042000,79.3317000,Dug Well,2.65
Tamil Nadu,Kallakurichchi,Tirunavalur,Ulunthoor,Ulundurpet2,11.6875000,79.3000000,Dug Well,1.70
Tamil Nadu,Kallakurichchi,Ulundurpet,A.Kurumpoor,Ulundurpet1,11.6611000,79.2944000,Bore Well,4.73
Tamil Nadu,Kallakurichchi,Ulundurpet,Aasanur,Asanur,11.6250000,79.1944000,Dug Well,3.20
Tamil Nadu,Kallakurichchi,Ulundurpet,Pidagam,Pidagam,11.7167000,79.1792000,Dug Well,2.00
Tamil Nadu,Kancheepuram,Kancheepuram,Kilkathirpur,Salavathi,12.8347000,79.6722000,Dug Well,1.75
Tamil Nadu,Kancheepuram,Kancheepuram,Vishnu Kanchi - A,Kancheepuram,12.8333000,79.7083000,Dug Well,6.50
Tamil Nadu,Kancheepuram,Kundrathur,Kerukampakkam,Gerugambakkam,13.0153000,80.1367000,Dug Well,2.50
"",,,,Periurban,,,,
Tamil Nadu,Kancheepuram,Kundrathur,Maganiyam,Paddapai,12.9125000,80.0125000,Bore Well,3.70
Tamil Nadu,Kancheepuram,Kundrathur,Manimangalam A,Manimangalam,12.9275000,80.0428000,Dug Well,2.50
Tamil Nadu,Kancheepuram,Kundrathur,Manimangalam A,Manimangalam Ow,12.9275000,80.0428000,Bore Well,2.50
Tamil Nadu,Kancheepuram,Poonamallee,Mangadu -A,Mangadu,13.0247000,80.1089000,Dug Well,3.40
STATE/UT,DISTRICT,TEHSIL/BLOCK,VILLAGE NAME,SITE NAME,LATITUDE,LONGITUDE,WELL SITE TYPE,WATER
"",,NAME,,,,,,LEVEL
"",,,,,,,,(mbgl)
Tamil Nadu,Kancheepuram,Poonamallee,Sirukalathur,Kundathur Periurban,13.0019000,80.0694000,Dug Well,6.20
Tamil Nadu,Kancheepuram,Sriperumbudur,Panruti B(Bunrutti A),Panruti Kandigai,12.8506000,79.9119000,Bore Well,6.20
Tamil Nadu,Kancheepuram,Sriperumbudur,Pondur B,Vellore,12.9333000,79.9333000,Dug Well,3.35
Tamil Nadu,Kancheepuram,Sriperumbudur,Sriperumbudur,Sriperumbudur,12.9667000,79.9500000,Dug Well,3.40
"",,,A(Sriperumbudur B)),,,,,
Tamil Nadu,Kancheepuram,Uthiramerur,Rettai Mangalam,Rettamangalam,12.6333000,79.8333000,Bore Well,2.60
Tamil Nadu,Kancheepuram,Uthiramerur,Thandari,Tirukalukundram,12.6083000,79.6667000,Dug Well,3.50
Tamil Nadu,Kancheepuram,Uthiramerur,Utthiramerur,Uthiramerur1,12.6333000,79.7639000,Bore Well,2.10
Tamil Nadu,Kancheepuram,Uthiramerur,Vedapalayam,Uthiramerur2,12.6083000,79.7375000,Dug Well,3.40
Tamil Nadu,Kancheepuram,Walajabad,Angampakkam,Walajabad,12.7750000,79.8250000,Dug Well,3.20
Tamil Nadu,Kanniyakumari,Agasteeswaram,Kanniyakumari,Kanyakumari1,8.0833300,77.5500000,Dug Well,3.67
Tamil Nadu,Kanniyakumari,Agasteeswaram,Kanniyakumari,Kundal(West) Pz,8.1027800,77.5439000,Bore Well,3.56
Tamil Nadu,Kanniyakumari,Killiyoor,Mathicode,Vellaivilai,8.2222200,77.2583000,Dug Well,9.48
Tamil Nadu,Kanniyakumari,Kurunthancode,Colachel A,Kolachal,8.1777800,77.2625000,Dug Well,11.96
Tamil Nadu,Kanniyakumari,Kurunthancode,Thingalnagar,Chettiarmadam Dw,8.1916700,77.2953000,Dug Well,13.24
Tamil Nadu,Kanniyakumari,Kurunthancode,Villukkuri A,Villukuri,8.2250000,77.3583000,Dug Well,5.56
Tamil Nadu,Kanniyakumari,Munchirai,Nalloor,Marthandam,8.3097200,77.2142000,Dug Well,9.10
Tamil Nadu,Kanniyakumari,Munchirai,Nalloor,Marthandam Pz,8.3097200,77.2142000,Bore Well,15.14
Tamil Nadu,Kanniyakumari,Rajakkamangalam,Rajakkamangalam,Rajakamangalam,8.1319400,77.3667000,Bore Well,4.38
Tamil Nadu,Kanniyakumari,Rajakkamangalam,Vadiveeswaram East,Nagarkoil1,8.1666700,77.4500000,Dug Well,2.08
"",,,Village,,,,,
Tamil Nadu,Kanniyakumari,Thiruvattar,Aruvikarai,Kulasekharan Dw,8.3522200,77.2858000,Dug Well,6.95
Tamil Nadu,Kanniyakumari,Thiruvattar,Attoor,Attur,8.3250000,77.2583000,Dug Well,5.70
Tamil Nadu,Kanniyakumari,Thiruvattar,Valvachagoastam A,Kattudurai Dw,8.2838900,77.2719000,Dug Well,6.57
Tamil Nadu,Kanniyakumari,Thovalai,Aralvoimozhy South,Aralvaimozhi,8.2500000,77.5167000,Dug Well,4.74
Tamil Nadu,Kanniyakumari,Thovalai,Thazhakudy,Boothapandy,8.2583300,77.4528000,Dug Well,5.08
Tamil Nadu,Kanniyakumari,Thuckalay,Muthalakuruchi,Thakkalai1,8.2486100,77.3083000,Bore Well,6.45
Tamil Nadu,Karur,Aravakurichi,Aravakurichi,Aravakurichi2,10.7750000,77.9250000,Dug Well,7.50
STATE/UT,DISTRICT,TEHSIL/BLOCK,VILLAGE NAME,SITE NAME,LATITUDE,LONGITUDE,WELL SITE TYPE,WATER
"",,NAME,,,,,,LEVEL
"",,,,,,,,(mbgl)
Tamil Nadu,Karur,Aravakurichi,Modakkur West,Kovilur,10.7603000,77.8289000,Bore Well,1.10
Tamil Nadu,Karur,K.Paramathi,K.Paramathi,Paramatti1,10.9667000,77.9125000,Dug Well,1.85
Tamil Nadu,Karur,K.Paramathi,Sudamani,Chinna Dharapuram,10.8667000,77.9000000,Dug Well,3.65
Tamil Nadu,Karur,Kadavur,Varavanai,Veerapalayam Dw,10.7789000,78.1975000,Dug Well,7.15
Tamil Nadu,Karur,Karur,Karur,Karur2,10.9583000,78.0833000,Dug Well,3.55
Tamil Nadu,Karur,Krishnarayapuram,Chithalavai,Melnagavaram Dw,10.8767000,78.2219000,Dug Well,2.43
Tamil Nadu,Karur,Krishnarayapuram,Thirukampuliyur,Mayanur,10.9417000,78.2417000,Dug Well,6.85
Tamil Nadu,Karur,Kulithalai,Inungur,Enuguru Dw,10.8547000,78.4878000,Dug Well,5.72
Tamil Nadu,Karur,Kulithalai,Nangavaram(N)-I,Allur-Agragaram Dw,10.8661000,78.5472000,Dug Well,2.92
Tamil Nadu,Karur,Thanthoni,Jegadabi,Jagatabi,10.8417000,78.1667000,Dug Well,3.40
Tamil Nadu,Karur,Thanthoni,Velliyanai North,Vellianani,10.8667000,78.1333000,Dug Well,5.88
Tamil Nadu,Karur,Thogamalai,Thogamalai,Thogamalai,10.7292000,78.4250000,Dug Well,2.76
Tamil Nadu,Krishnagiri,Bargur,Jambukuttappatti,Konnanur,12.3328000,78.3503000,Dug Well,2.23
Tamil Nadu,Krishnagiri,Bargur,Mahadevagollahalli,Mahadeva Gollahalli,12.4025000,78.3436000,Dug Well,4.75
Tamil Nadu,Krishnagiri,Hosur,Muthganapalli,Machinayampalli,12.6156000,77.7844000,Dug Well,1.85
Tamil Nadu,Krishnagiri,Kaveripattanam,Pennaswaramatam(Pe,Panneswara Madam,12.3917000,78.2469000,Dug Well,6.25
"",,,nnaswaramatam - 2),,,,,
Tamil Nadu,Krishnagiri,Kaveripattanam,Tatarahalli,Tattarhalli,12.3408000,78.2458000,Dug Well,3.83
Tamil Nadu,Krishnagiri,Kelamangalam,Bodichipalli,Anusonai,12.5667000,77.9000000,Dug Well,4.35
Tamil Nadu,Krishnagiri,Kelamangalam,Nagamangalam,Nagathunai,12.5639000,77.9128000,Dug Well,2.30
Tamil Nadu,Krishnagiri,Krishnagiri,Errahalli(Arrahalli - 2),Karukkanchavadi,12.4083000,78.2083000,Dug Well,3.13
Tamil Nadu,Krishnagiri,Krishnagiri,Guruvinayanapalli,Guruvinayanpalli,12.6500000,78.3292000,Dug Well,4.50
Tamil Nadu,Krishnagiri,Krishnagiri,Mittahalli(Mettahalli -,Machinkanakottai,12.4131000,78.1708000,Dug Well,2.25
"",,,2),,,,,
Tamil Nadu,Krishnagiri,Mathur,Batrahalli,Mattur,12.3833000,78.4139000,Dug Well,7.50
Tamil Nadu,Krishnagiri,Mathur,Batrahalli,Mattur2,12.3833000,78.4167000,Bore Well,5.78
Tamil Nadu,Krishnagiri,Shoolagiri,Bodichipalli,Virupakshinagar,12.5933000,77.8681000,Dug Well,2.65
STATE/UT,DISTRICT,TEHSIL/BLOCK,VILLAGE NAME,SITE NAME LATITUDE,,LONGITUDE,WELL SITE TYPE,WATER
"",,NAME,,,,,,LEVEL
"",,,,,,,,(mbgl)
Tamil Nadu,Krishnagiri,Shoolagiri,Shoolagiri(Shoolagiri,Sulagiri 12.6667000,,78.0250000,Dug Well,8.28
"",,,(T)),,,,,
Tamil Nadu,Krishnagiri,Thally,Noganoor,Denkanikottai1 12.5250000,,77.7833000,Dug Well,5.15
Tamil Nadu,Krishnagiri,Uthangarai,Karappattu,Vanambli 12.3475000,,78.5550000,Dug Well,5.50
Tamil Nadu,Krishnagiri,Uthangarai,Venkadattanpatti,Uttangarai 12.2667000,,78.5292000,Dug Well,2.55
Tamil Nadu,Madurai,Alanganallur,Alanganallur,Alanganallur 10.0500000,,78.0967000,Bore Well,6.11
Tamil Nadu,Madurai,Chellampatti,A.Kokkulam,Chekkanoorani 9.9413900,,77.9681000,Dug Well,6.20
Tamil Nadu,Madurai,Madurai East,Thirumohur,Thirumogur 9.9511100,,78.2072000,Dug Well,2.28
Tamil Nadu,Madurai,Madurai West,Kadavur,Kadavoor 10.0792000,,78.1750000,Dug Well,3.57
Tamil Nadu,Madurai,Madurai West,Poikairaipatti,Kallandri1 10.0458000,,78.2000000,Bore Well,1.97
Tamil Nadu,Madurai,Madurai West,Thiruppalai(Kannanend,Thirupallai 9.9869400,,78.1389000,Dug Well,2.30
"",,,al),,,,,
Tamil Nadu,Madurai,Melur,Melur,Melur1 10.0306000,,78.3333000,Bore Well,2.85
"",,,Town(Karuthapuliyamp,,,,,
"",,,atti),,,,,
Tamil Nadu,Madurai,Melur,Melur,Meluru New 10.0333000,,78.3444000,Dug Well,2.80
"",,,Town(Karuthapuliyamp,,,,,
"",,,atti),,,,,
Tamil Nadu,Madurai,Sedapatti,Saptur,Sedapatti 9.7500000,,77.6750000,Bore Well,4.09
Tamil Nadu,Madurai,T.Kallupatty,Kenchampatti Bit,Kolluveeranpatti 9.7069400,,77.8856000,Dug Well,4.67
"",,,1(Kenchampatti Bit 2),,,,,
Tamil Nadu,Madurai,Thirumangalam,K.Puliyankulam,M.K.University 9.9408300,,78.0006000,Dug Well,4.63
Tamil Nadu,Madurai,Thirumangalam,Thirumangalam(Jari,Thirumangalam New 9.8166700,,77.9792000,Dug Well,6.16
"",,,Sengulam),,,,,
Tamil Nadu,Madurai,Thirupparankundra,Arappalayam(Kochadai,Madurai New College 9.9188900,,78.1119000,Dug Well,12.02
"",,m,),House,,,,
Tamil Nadu,Madurai,Thirupparankundra,Arappalayam(Kochadai,Madurai Rly Colony 9.9272200,,78.1036000,Dug Well,9.30
"",,m,),,,,,
Tamil Nadu,Madurai,Thirupparankundra,Eliyarpathi,Eliyarpathi 9.7969400,,78.0933000,Dug Well,6.08
STATE/UT,DISTRICT,TEHSIL/BLOCK,VILLAGE NAME,SITE NAME,LATITUDE,LONGITUDE,WELL SITE TYPE,WATER
"",,NAME,,,,,,LEVEL
"",,,,,,,,(mbgl)
Tamil Nadu,Madurai,Thirupparankundra,Melamadai Bit 2,Melamadai,9.9347200,78.1689000,Dug Well,3.65
"",,m,,,,,,
Tamil Nadu,Madurai,Thirupparankundra,Puliyankulam,M.Puliyankulam,9.8844400,78.1825000,Dug Well,3.53
"",,m,,,,,,
Tamil Nadu,Madurai,Thirupparankundra,Valayankulam,Valayankulam,9.8041700,78.0917000,Dug Well,3.55
"",,m,,,,,,
Tamil Nadu,Madurai,Thirupparankundra,Valayankulam,Valayankulam Pz,9.8041700,78.0917000,Bore Well,6.78
"",,m,,,,,,
Tamil Nadu,Madurai,Thirupparankundra,Vilangudi Bit 1,Vilangudi,9.9605600,78.0731000,Dug Well,3.15
"",,m,,,,,,
Tamil Nadu,Madurai,Usilampatti,Mekkilarpatti,Usilampatti New,9.9861100,77.8042000,Dug Well,1.77
Tamil Nadu,Madurai,Vadipatti,Neerathan,Vadipatti Dw,10.0814000,77.9669000,Dug Well,4.95
Tamil Nadu,Mayiladuthurai,Kollidam,Aarapallam,Nallur,11.3300000,79.7753000,Dug Well,5.65
Tamil Nadu,Mayiladuthurai,Mayiladuthurai,Mayiladuthurai(Korana,Mayavaram,11.0944000,79.6556000,Dug Well,3.12
"",,,du),,,,,
Tamil Nadu,Mayiladuthurai,Mayiladuthurai,Thalaignayaru - 2,Thalaignayiru,11.2097000,79.6639000,Dug Well,2.65
Tamil Nadu,Mayiladuthurai,Sembanar Koil,Chandrapadi,Tranquebar,11.0169000,79.8514000,Dug Well,3.11
Tamil Nadu,Mayiladuthurai,Sirkali,Melaiyur,Poompuhar Melaiyur,11.1469000,79.8350000,Dug Well,3.17
Tamil Nadu,Nagapattinam,Keelaiyur,Valakkarai,Valagarai,10.6289000,79.7483000,Dug Well,2.96
Tamil Nadu,Nagapattinam,Kilvelur,Kilvelur(Vadakkuveli),Keelvalur,10.7667000,79.7333000,Dug Well,5.39
Tamil Nadu,Nagapattinam,Kilvelur,Veilankanni,Odacherry,10.6833000,79.8375000,Dug Well,2.11
Tamil Nadu,Nagapattinam,Kilvelur,Veilankanni,Velanganni,10.6833000,79.8375000,Dug Well,4.89
Tamil Nadu,Nagapattinam,Nagapattinam,Nagapattinam,Nagapattinam,10.7825000,79.8431000,Dug Well,5.46
Tamil Nadu,Nagapattinam,Nagapattinam,Nagapattinam,Nagore,10.8011000,79.8419000,Dug Well,4.17
Tamil Nadu,Nagapattinam,Thalainayar,Kallimedu,Thamaraipulam,10.4781000,79.8292000,Dug Well,3.62
Tamil Nadu,Nagapattinam,Thalainayar,Kallimedu,Thirukadaiyur,10.4781000,79.8289000,Dug Well,5.67
Tamil Nadu,Nagapattinam,Vedaranyam,Sertttaikkadu Creek,Vedaranyam,10.3500000,79.8625000,Dug Well,2.56
Tamil Nadu,Nagapattinam,Vedaranyam,Thethakudi South,Thethakudi,10.4178000,79.8364000,Dug Well,2.46
Tamil Nadu,Nagapattinam,Vedaranyam,Voimedu East,Thagattur,10.4083000,79.6833000,Dug Well,3.46
STATE/UT,DISTRICT,TEHSIL/BLOCK,VILLAGE NAME,SITE NAME,LATITUDE,LONGITUDE,WELL SITE TYPE,WATER
"",,NAME,,,,,,LEVEL
"",,,,,,,,(mbgl)
Tamil Nadu,Namakkal,Elachipalayam,Agaram,Elachipalayam New,11.3847000,78.0125000,Dug Well,3.80
Tamil Nadu,Namakkal,Elachipalayam,Manathi(Elanagar),Kattipalayam,11.3156000,78.0336000,Dug Well,4.64
Tamil Nadu,Namakkal,Elachipalayam,Unjanai,Unjanai,11.3531000,77.9561000,Dug Well,2.25
Tamil Nadu,Namakkal,Erumaipatty,Potty Reddypatti,Pottiredddipatti,11.1689000,78.2744000,Dug Well,4.75
Tamil Nadu,Namakkal,Kabilarmalai,Periyasolipalayam,Semmadaipalayam,11.1472000,77.9344000,Dug Well,2.72
Tamil Nadu,Namakkal,Kabilarmalai,Punjai Edaiyar,Velur,11.1083000,78.0033000,Dug Well,2.95
"",,,Melmugam,,,,,
Tamil Nadu,Namakkal,Kabilarmalai,Sithampoondi,Pudur,11.2361000,77.9142000,Dug Well,2.40
"",,,,Siddhampoondi,,,,
Tamil Nadu,Namakkal,Kolli Malai,Bailnad,Singalanadu Prm,11.4167000,78.3000000,Dug Well,15.30
Tamil Nadu,Namakkal,Mallasamudram,Mallasamudram East,Kalipatti,11.5167000,78.0361000,Dug Well,4.30
Tamil Nadu,Namakkal,Mohanur,Ariyur,Thoppur (N),11.1011000,78.1517000,Dug Well,3.95
Tamil Nadu,Namakkal,Mohanur,Komarapalayam,Palapati,11.0883000,78.0769000,Dug Well,1.30
Tamil Nadu,Namakkal,Mohanur,N.Pudupatty,Spn Nagar,11.1411000,78.2200000,Dug Well,1.70
Tamil Nadu,Namakkal,Mohanur,Rasipalayam,Mohanur,11.0611000,78.1417000,Bore Well,4.40
Tamil Nadu,Namakkal,Namagiripettai,Ayilpatty,Ayilpatti,11.5422000,78.3478000,Dug Well,7.95
Tamil Nadu,Namakkal,Namagiripettai,Eswaramoorthipalaya,Eswaramoorthypalay,11.5733000,78.4044000,Dug Well,18.50
"",,,m,am,,,,
Tamil Nadu,Namakkal,Namagiripettai,Karkoodalpatty Bit.1,Kamarajar Nagar,11.4831000,78.3750000,Dug Well,11.00
Tamil Nadu,Namakkal,Namagiripettai,Karkoodalpatty Bit.1,Mullakurchi Dw,11.4594000,78.3969000,Dug Well,4.40
Tamil Nadu,Namakkal,Namagiripettai,Karkoodalpatty Bit.1,Udayarpalayam Dw,11.5103000,78.3486000,Dug Well,2.65
Tamil Nadu,Namakkal,Namagiripettai,Namagiripettai,Kumbakkottai,11.4717000,78.3044000,Dug Well,15.24
Tamil Nadu,Namakkal,Namagiripettai,Namagiripettai,Namagiripet,11.4625000,78.2750000,Dug Well,6.38
Tamil Nadu,Namakkal,Namagiripettai,Pudupatti,Metala,11.5167000,78.3417000,Dug Well,6.45
Tamil Nadu,Namakkal,Namagiripettai,Thimmanaickanpatty,T.Naickanpatti,11.5875000,78.4403000,Dug Well,7.40
Tamil Nadu,Namakkal,Namakkal,Namakkal(Chinnamuth,Namakkal1,11.2200000,78.1667000,Bore Well,4.33
STATE/UT,DISTRICT,TEHSIL/BLOCK,VILLAGE NAME,SITE NAME,LATITUDE,LONGITUDE,WELL SITE TYPE,WATER
"",,NAME,,,,,,LEVEL
"",,,,,,,,(mbgl)
Tamil Nadu,Namakkal,Namakkal,Namakkal(Chinnamuth,Namakkal2,11.2167000,78.1722000,Dug Well,2.45
"",,,alaipatty),,,,,
Tamil Nadu,Namakkal,Namakkal,Rasampalayam,Pulavar Palayam,11.1956000,78.1086000,Dug Well,4.55
Tamil Nadu,Namakkal,Namakkal,Siluvampatty,Kalinayakkanur,11.2742000,78.0825000,Dug Well,2.85
Tamil Nadu,Namakkal,Namakkal,Vagurampatty,Thondichettipatti,11.1867000,78.1681000,Dug Well,9.50
Tamil Nadu,Namakkal,Pallipalayam,Elanthakuttai,Sammankadu,11.4128000,77.7736000,Dug Well,5.50
"",,,,Elanthankottai,,,,
Tamil Nadu,Namakkal,Pallipalayam,Kumarapalayam,Sanarpalayam,11.4192000,77.7006000,Dug Well,3.93
"",,,Agraharam,,,,,
Tamil Nadu,Namakkal,Pallipalayam,Pallipalayam,Annai Sathyanagar,11.3508000,77.7639000,Dug Well,3.05
Tamil Nadu,Namakkal,Pallipalayam,Pallipalayam,Tharagadu,11.3886000,77.7647000,Dug Well,1.75
"",,,Agraharam,Mandavathur,,,,
Tamil Nadu,Namakkal,Panamarathupatti,Komarapalayam,Mallur1,11.5375000,78.1458000,Dug Well,4.65
Tamil Nadu,Namakkal,Paramathy,Kolaram,Nallurgaundanpalaya,11.2667000,77.9750000,Bore Well,3.35
"",,,,m,,,,
Tamil Nadu,Namakkal,Paramathy,Koodacherry,Irumbapalam,11.2042000,77.9917000,Dug Well,1.70
Tamil Nadu,Namakkal,Paramathy,Paramathi,Paramarthi,11.1542000,78.0208000,Bore Well,1.49
Tamil Nadu,Namakkal,Paramathy,Paramathi,Paramarthi Dw,11.1567000,78.0214000,Dug Well,2.27
Tamil Nadu,Namakkal,Puduchathiram,Musiri(Akkalampatty),Vaiyappamalai,11.3333000,78.0833000,Dug Well,3.70
Tamil Nadu,Namakkal,Puduchathiram,Navani,Lakkayampatti,11.3619000,78.1403000,Dug Well,4.83
Tamil Nadu,Namakkal,Puduchathiram,Sendamangalam,Senthamangalam,11.3028000,78.2333000,Dug Well,5.60
Tamil Nadu,Namakkal,Rasipuram,Kakkaveri,Rasipuram1,11.4583000,78.2250000,Dug Well,5.65
Tamil Nadu,Namakkal,Sendamangalam,Kalappanaickenpatty(T,K.Naickanpatti,11.3333000,78.2458000,Dug Well,7.80
"",,,huthikulam),,,,,
Tamil Nadu,Namakkal,Thiruchengodu,Chittalandur,Chittalandur Dw,11.3150000,77.9242000,Dug Well,4.00
Tamil Nadu,Namakkal,Thiruchengodu,Kadachanallur,Ainthu Panai,11.3633000,77.8089000,Dug Well,2.15
Tamil Nadu,Namakkal,Thiruchengodu,Kailamsampalayam(Tir,Thiruchengodu,11.3833000,77.9083000,Dug Well,3.80
"",,,uchengode,,,,,
Tamil Nadu,Namakkal,Thiruchengodu,Molasi,Nallur1,11.2667000,77.8667000,Dug Well,2.68
Tamil Nadu,Namakkal,Thiruchengodu,Patlur(Chikkanaickenpa,Patlur,11.2753000,77.8081000,Dug Well,2.10
STATE/UT,DISTRICT,TEHSIL/BLOCK,VILLAGE NAME,SITE NAME,LATITUDE,LONGITUDE,WELL SITE TYPE,WATER
"",,NAME,,,,,,LEVEL
"",,,,,,,,(mbgl)
Tamil Nadu,Namakkal,Vennandur,Athanur Ayeepalayam,Mohanur1,11.5125000,78.1417000,Dug Well,1.33
Tamil Nadu,Namakkal,Vennandur,Pillanallur,Gurusamipalayam,11.4342000,78.1344000,Dug Well,2.70
Tamil Nadu,Namakkal,Vennandur,Vennandur,Veenandur,11.5147000,78.0917000,Dug Well,5.00
Tamil Nadu,Namakkal,Vennandur,Vennandur,Vennandur,11.5125000,78.0958000,Dug Well,4.53
Tamil Nadu,Perambalur,Alathur,Chettikulam,Chettikulam Dw,11.1347000,78.7750000,Dug Well,3.95
Tamil Nadu,Perambalur,Alathur,Nakkasalem,Nakkaselam,11.1611000,78.7222000,Dug Well,3.95
Tamil Nadu,Perambalur,Perambalur,Ammapalayam,Ammapalayam,11.2153000,78.7472000,Dug Well,4.65
Tamil Nadu,Perambalur,Perambalur,Keelakarai,Essani Dw,11.2714000,78.8461000,Dug Well,6.00
Tamil Nadu,Perambalur,Perambalur,Kurumbalur(S),Kurumbalur,11.2347000,78.8014000,Dug Well,2.30
Tamil Nadu,Perambalur,Perambalur,Perali(N),Chitali Dw,11.2406000,78.9681000,Dug Well,9.10
Tamil Nadu,Perambalur,Perambalur,Perambalur(S),Perambalur2,11.2333000,78.8750000,Dug Well,3.34
Tamil Nadu,Perambalur,Perambalur,Sengunam,Ranjankudi,11.2583000,78.9417000,Bore Well,3.17
Tamil Nadu,Perambalur,Perambalur,Sirukanpur(W),Therkumathevi,11.1586000,78.9356000,Dug Well,1.38
Tamil Nadu,Perambalur,Perambalur,Siruvachur,Vijayagopalapuram,11.1969000,78.8461000,Dug Well,2.42
"",,,,Dw,,,,
Tamil Nadu,Perambalur,Veppanthattai,Malayalapatti,Annukkur,11.3369000,78.6853000,Bore Well,2.42
Tamil Nadu,Perambalur,Veppanthattai,Thevaiyur(S),Mangalamedu Dw,11.3475000,78.9489000,Dug Well,9.00
Tamil Nadu,Perambalur,Veppanthattai,Thondapadi,Palaiyur,11.3456000,78.8317000,Dug Well,3.35
Tamil Nadu,Perambalur,Veppanthattai,Vallikandapuram,Valikandapuram,11.3083000,78.9167000,Dug Well,6.23
Tamil Nadu,Perambalur,Veppur,Kunnam,Kunnam,11.2306000,79.0250000,Dug Well,3.32
Tamil Nadu,Perambalur,Veppur,Paravai(W),Kallampudur,11.2686000,79.0311000,Dug Well,1.04
Tamil Nadu,Perambalur,Veppur,Varagur,Idiyankurichi,11.2658000,79.0275000,Dug Well,2.18
Tamil Nadu,Pudukkottai,Annavasal,Annavasal,Annavasal,10.4525000,78.7028000,Dug Well,4.80
Tamil Nadu,Pudukkottai,Annavasal,Annavasal,Annavasal Pz,10.4500000,78.7028000,Bore Well,5.50
Tamil Nadu,Pudukkottai,Annavasal,Kudumiyanmalai,Kudimianmalai1,10.4125000,78.6667000,Dug Well,4.10
Tamil Nadu,Pudukkottai,Aranthangi,Aranthangi,Arantangi,10.1667000,78.9958000,Dug Well,2.60
Tamil Nadu,Pudukkottai,Aranthangi,Chidambaraviduthi,Erachi,10.2306000,78.9678000,Dug Well,4.55
Tamil Nadu,Pudukkottai,Arimalam,Poovarasakudi,Valathirakkotai,10.3333000,78.8625000,Dug Well,5.10
Tamil Nadu,Pudukkottai,Avudaiyarkoil,Seiyanam,Mimisal1,9.9333300,79.1417000,Dug Well,3.10
Tamil Nadu,Pudukkottai,Gandarvakottai,Kovilur,Gandharvakottai1,10.5736000,79.0167000,Dug Well,1.80
Tamil Nadu,Pudukkottai,Gandarvakottai,Mattangal,Pudupatti[East],10.5500000,79.0500000,Dug Well,6.00
STATE/UT,DISTRICT,TEHSIL/BLOCK,VILLAGE NAME,SITE NAME,LATITUDE,LONGITUDE,WELL SITE TYPE,WATER
"",,NAME,,,,,,LEVEL
"",,,,,,,,(mbgl)
Tamil Nadu,Pudukkottai,Karambakkudi,Sammattividuthi,Sammattividuthi,10.4303000,78.9786000,Dug Well,1.50
Tamil Nadu,Pudukkottai,Kunnandarkoil,Keeranur,Keerannur,10.5722000,78.7917000,Dug Well,3.30
Tamil Nadu,Pudukkottai,Kunnandarkoil,Udaiyalipatti,Kunnandarkoil,10.5833000,78.8917000,Bore Well,6.40
Tamil Nadu,Pudukkottai,Manamelkudi,Alakanvayal,Kattumavadi New,10.1333000,79.2247000,Dug Well,1.40
Tamil Nadu,Pudukkottai,Manamelkudi,Manamelkudi,Manamelkudi1,10.0389000,79.2333000,Dug Well,3.50
Tamil Nadu,Pudukkottai,Ponnamaravathi,Sathanur,Vayapuri,10.3469000,78.6172000,Dug Well,4.50
Tamil Nadu,Pudukkottai,Pudukkottai,Aathanakottai,Adanakottai,10.5306000,78.9667000,Dug Well,5.60
Tamil Nadu,Pudukkottai,Pudukkottai,Kavinadu West,Pudukottai1,10.3792000,78.8000000,Dug Well,4.65
Tamil Nadu,Pudukkottai,Pudukkottai,Perunkondanviduthi,Mandangudi,10.4778000,78.9167000,Dug Well,8.70
Tamil Nadu,Pudukkottai,Pudukkottai,Pudukkottai -,Pudukkottai,10.3861000,78.8042000,Bore Well,5.40
"",,,North(Pudukkottai -,,,,,
"",,,South),,,,,
Tamil Nadu,Pudukkottai,Thirumayam,Melappanaiyur,Panaiyapatti,10.3125000,78.6833000,Bore Well,5.80
Tamil Nadu,Pudukkottai,Thirumayam,Thirumayam,Thirumayam2,10.2458000,78.7500000,Dug Well,2.20
Tamil Nadu,Pudukkottai,Thirumayam,Virachilai I Bit,Viracchilai,10.2978000,78.7031000,Dug Well,3.50
Tamil Nadu,Pudukkottai,Thiruvarankulam,Alangudi,Alangudi New,10.3586000,78.9833000,Dug Well,6.50
Tamil Nadu,Pudukkottai,Viralimalai,Palandanpatti,Thondaimanallur,10.6083000,78.7750000,Bore Well,5.10
Tamil Nadu,Pudukkottai,Viralimalai,Viralimalai,Viralimalai2,10.6083000,78.5500000,Dug Well,4.20
Tamil Nadu,Ramanathapuram,Kadaladi,Appanur Punavasal,Sikkal,9.2416700,78.5125000,Dug Well,5.15
Tamil Nadu,Ramanathapuram,Kadaladi,Erwadi,Ervadi,9.2166700,78.7167000,Dug Well,3.60
Tamil Nadu,Ramanathapuram,Kadaladi,Sayalkudi,Sayalkudi,9.1750000,78.4500000,Dug Well,4.00
Tamil Nadu,Ramanathapuram,Kamuthi,Kamuthi,Kamudhi1,9.4083300,78.3750000,Dug Well,12.00
Tamil Nadu,Ramanathapuram,Kamuthi,Thavasikurichi,Parthibanur,9.4000000,78.3944000,Dug Well,3.30
Tamil Nadu,Ramanathapuram,Mandapam,Mandapam,Mandapam,9.2833300,79.1667000,Dug Well,3.30
Tamil Nadu,Ramanathapuram,Mandapam,Pirappanvalasai,Uchipulli,9.3055600,79.0167000,Dug Well,2.10
Tamil Nadu,Ramanathapuram,Mandapam,Puthumadam,Thangachimadam,9.2841700,79.0014000,Dug Well,4.10
Tamil Nadu,Ramanathapuram,Mudukulathur,Keelathooval,Udaikulam,9.4416700,78.5611000,Dug Well,4.65
Tamil Nadu,Ramanathapuram,Mudukulathur,Sellur,Bogalur,9.4583300,78.6083000,Dug Well,6.45
Tamil Nadu,Ramanathapuram,Nainarkoil,Vaniyavallam,Vaniya Vallam,9.5458300,78.6950000,Dug Well,7.55
"",,,,(Nainarkoil},,,,
Tamil Nadu,Ramanathapuram,R.S.Mangalam,Rajasingamangalam,R.S.Mangalam,9.6388900,78.8500000,Dug Well,1.20
STATE/UT,DISTRICT,TEHSIL/BLOCK,VILLAGE NAME,SITE NAME,LATITUDE,LONGITUDE,WELL SITE TYPE,WATER
"",,NAME,,,,,,LEVEL
"",,,,,,,,(mbgl)
Tamil Nadu,Ramanathapuram,R.S.Mangalam,Solandur,Solandur,9.5916700,78.8667000,Dug Well,1.80
Tamil Nadu,Ramanathapuram,Ramanathapuram,Landai,Ramanathapuram2,9.3666700,78.7833000,Dug Well,4.20
Tamil Nadu,Ramanathapuram,Ramanathapuram,Soorankottai,Ramanad Dw,9.3688900,78.8364000,Dug Well,1.50
Tamil Nadu,Ramanathapuram,Rameswaram,Pamban,Rameswaram,9.2833300,79.2750000,Dug Well,2.00
Tamil Nadu,Ramanathapuram,Rameswaram,Rameswaram,Mukundarayar,9.2008300,79.3794000,Dug Well,3.80
"",,,,Chatram(Dhanushko,,,,
"",,,,di),,,,
Tamil Nadu,Ramanathapuram,Thiruppullani,Keelakarai,Kilkkarai,9.2333300,78.7833000,Dug Well,7.00
Tamil Nadu,Ramanathapuram,Thiruppullani,Perungulam,Perungulam,9.3333300,78.9528000,Dug Well,2.80
Tamil Nadu,Ramanathapuram,Thiruppullani,Thiru,U.Kosamangai,9.3083300,78.7444000,Dug Well,2.35
"",,,Uthirakosamangai,,,,,
Tamil Nadu,Ramanathapuram,Tiruvadanai,Karungalakkudi,Thondi,9.7666700,79.0167000,Dug Well,2.55
Tamil Nadu,Ramanathapuram,Tiruvadanai,Karungalakkudi,Tirupulani,9.7666700,79.0167000,Dug Well,2.60
Tamil Nadu,Ramanathapuram,Tiruvadanai,Tiruvadanai,Tiruvadanai1,9.7833300,78.9208000,Dug Well,3.10
Tamil Nadu,Ranipet,Arakonam,Thanigaipolur,Echipudur,13.1250000,79.6361000,Bore Well,3.30
Tamil Nadu,Ranipet,Arcot,Vellur,Mecheri,12.8111000,79.3972000,Dug Well,6.45
Tamil Nadu,Ranipet,Kaveripakkam,Banavaram,Banavaram1,13.0222000,79.4750000,Dug Well,4.20
Tamil Nadu,Ranipet,Sholinghur,Kondapalayam,Sholingar1,13.1000000,79.4333000,Dug Well,1.56
Tamil Nadu,Ranipet,Sholinghur,Sholinghur,Ponnai,13.1111000,79.4264000,Bore Well,2.73
Tamil Nadu,Ranipet,Thimiri,Kalavai,Kalavai,12.7667000,79.4125000,Dug Well,5.10
Tamil Nadu,Ranipet,Wallajah,Lalapettai,Lalpet,12.9917000,79.3083000,Dug Well,5.05
Tamil Nadu,Ranipet,Wallajah,Narasingapuram,Avarakarai,12.9625000,79.2875000,Bore Well,1.43
Tamil Nadu,Ranipet,Wallajah,Ranipet,Ranipet1,12.9292000,79.3417000,Dug Well,2.50
Tamil Nadu,Ranipet,Wallajah,Visharam,Arakkonam,12.9058000,79.2819000,Dug Well,4.10
Tamil Nadu,Ranipet,Wallajah,Visharam,Arakkonam Pz,12.9058000,79.2819000,Bore Well,2.20
Tamil Nadu,Salem,Attur,Attur(Mullaivadi),Attur Fire St.,11.6000000,78.6083000,Dug Well,6.70
Tamil Nadu,Salem,Attur,Kirippatti,Karipatti Dw,11.5417000,78.4917000,Dug Well,6.25
Tamil Nadu,Salem,Attur,Tandavarayapuram,Thandavarayapuram,11.5903000,78.5558000,Dug Well,7.30
"",,,,Dw,,,,
Tamil Nadu,Salem,Ayothiyapattinam,Ayodhyapattianam,Ayodhyapattinam,11.6697000,78.2389000,Dug Well,2.60
Tamil Nadu,Salem,Ayothiyapattinam,Kattuveppilaipatti,Seshanchavadi,11.6553000,78.3383000,Dug Well,3.05
STATE/UT,DISTRICT,TEHSIL/BLOCK,VILLAGE NAME,SITE NAME,LATITUDE,LONGITUDE,WELL SITE TYPE,WATER
"",,NAME,,,,,,LEVEL
"",,,,,,,,(mbgl)
Tamil Nadu,Salem,Edapadi,Chinnamanali,Idapadi New,11.5839000,77.8500000,Dug Well,2.00
Tamil Nadu,Salem,Gangavalli,Gangavalli,Gangavalli,11.4958000,78.6500000,Dug Well,4.35
Tamil Nadu,Salem,Gangavalli,Koneripatti,Tammampatti Dw,11.4358000,78.5042000,Dug Well,2.00
Tamil Nadu,Salem,Gangavalli,Kudumalai,Gudamali Dw,11.4603000,78.5875000,Dug Well,6.20
Tamil Nadu,Salem,Gangavalli,Nagiyampatti,P.Goundanpalyam,11.4667000,78.4825000,Dug Well,3.85
Tamil Nadu,Salem,Kadayampatti,Divattippatti,Tivettipatti,11.8667000,78.0875000,Dug Well,4.75
Tamil Nadu,Salem,Kolathur,Mettur,Masilapalayam Dw,11.8089000,77.7889000,Dug Well,13.70
Tamil Nadu,Salem,Konganapuram,Erumaipatti,Konganapuram,11.5667000,77.9000000,Bore Well,3.10
Tamil Nadu,Salem,Konganapuram,Konganapuram,Konganapuram Dw,11.5706000,77.8989000,Dug Well,3.85
Tamil Nadu,Salem,Konganapuram,Kurumbapatti,Karumbapatti,11.5822000,77.8611000,Dug Well,1.90
Tamil Nadu,Salem,Nangavalli,Pottaneri,Muttur,11.8075000,77.8297000,Dug Well,5.35
"",,,Nallakavundanpatti,(Karumalikoodal)Dw,,,,
Tamil Nadu,Salem,Panamarathupatti,Jerugumalai,Panamarathupatti2,11.5903000,78.1931000,Dug Well,8.25
Tamil Nadu,Salem,Panamarathupatti,Nilavarapatti,Dhasanaickanpatty,11.6094000,78.1453000,Dug Well,4.40
"",,,,Dw,,,,
Tamil Nadu,Salem,Peddanayakkanpalay,Peddanayakkanpalaya,P.N.Palayam Dw,11.6456000,78.5144000,Dug Well,5.13
"",,am,m(Thurumalainamasa,,,,,
"",,,mudram),,,,,
Tamil Nadu,Salem,Salem,Salem,Ponnammapet Dw,11.6642000,78.1772000,Dug Well,1.95
"",,,Town(Ammapettai),,,,,
Tamil Nadu,Salem,Salem,Salem,Salem Bankhouse,11.6667000,78.1583000,Dug Well,6.40
"",,,Town(Ammapettai),,,,,
Tamil Nadu,Salem,Salem,Salem,Salem Surviellance,11.6594000,78.1664000,Dug Well,3.50
"",,,Town(Ammapettai),,,,,
Tamil Nadu,Salem,Salem,Suramangalam(Alagap,S.K.Garden,11.6392000,78.1250000,Dug Well,5.15
"",,,uram),Nathimedi,,,,
Tamil Nadu,Salem,Salem,Suramangalam(Alagap,Sivadapuram Dw,11.6472000,78.1092000,Dug Well,1.00
STATE/UT,DISTRICT,TEHSIL/BLOCK,VILLAGE NAME,SITE NAME,LATITUDE,LONGITUDE,WELL SITE TYPE,WATER
"",,NAME,,,,,,LEVEL
"",,,,,,,,(mbgl)
Tamil Nadu,Salem,Salem,Vedakuttampatti,Vedukathampatty,11.6528000,78.0819000,Dug Well,3.60
"",,,,Dw,,,,
Tamil Nadu,Salem,Sankari,Sankagiri,Sankagiri,11.4775000,77.8753000,Dug Well,2.78
"",,,,(V.N.Palayam),,,,
Tamil Nadu,Salem,Thalaivasal,Kattukottai,Kattukottai Dw,11.6028000,78.6694000,Dug Well,4.00
Tamil Nadu,Salem,Thalaivasal,Puttur,Puthur Dw,11.6264000,78.7833000,Dug Well,9.10
Tamil Nadu,Salem,Thalaivasal,Thalaivasal,Thalaivasal1,11.5833000,78.7583000,Dug Well,4.05
Tamil Nadu,Salem,Thalaivasal,Veppampundi,Veppampoondi,11.5344000,78.7558000,Dug Well,2.97
Tamil Nadu,Salem,Thalaivasal,Viraganur,Veraganur,11.4750000,78.7375000,Bore Well,7.37
Tamil Nadu,Salem,Veerapandy,Akkaraipalayam,Akkaraikadu,11.5667000,78.0842000,Dug Well,6.70
Tamil Nadu,Salem,Veerapandy,Attayampatti,Mamudi,11.5325000,78.0517000,Dug Well,3.95
Tamil Nadu,Salem,Veerapandy,Attayampatti,Papparapatti (S),11.5256000,78.0500000,Dug Well,6.85
Tamil Nadu,Salem,Veerapandy,Chennagiri,Attayampatti Ghss,11.5253000,78.0750000,Dug Well,8.00
Tamil Nadu,Salem,Veerapandy,Chennagiri,Attayampatti,11.5253000,78.0750000,Dug Well,1.80
"",,,,S.Puram,,,,
Tamil Nadu,Salem,Veerapandy,Neikkarapatti,Naikarapatty Dw,11.6219000,78.1061000,Dug Well,2.90
Tamil Nadu,Salem,Veerapandy,Neikkarapatti,Pulaveri,11.6083000,78.1083000,Dug Well,5.15
Tamil Nadu,Salem,Veerapandy,Palampatti,Palampatti,11.5694000,78.0722000,Dug Well,8.65
Tamil Nadu,Salem,Veerapandy,Palampatti,Veerapandi Dw,11.5736000,78.0728000,Dug Well,6.57
Tamil Nadu,Salem,Veerapandy,Pulaveri Agraharam,Pincheyai Kodu,11.5917000,78.1114000,Dug Well,11.68
Tamil Nadu,Salem,Veerapandy,Vaniyambadi,Sevantampatti,11.5583000,78.0917000,Dug Well,3.70
Tamil Nadu,Salem,Yercaud,Yercaud,Yercaud,11.7833000,78.2111000,Dug Well,2.53
Tamil Nadu,Sivagangai,Kalaiyarkoil,Somanathamangalam,Kalayarkoil,9.8416700,78.6222000,Dug Well,4.80
Tamil Nadu,Sivagangai,Kallal,Kallal,Kallal1,9.9833300,78.6667000,Dug Well,3.30
Tamil Nadu,Sivagangai,Kallal,Kilappoongudi,Devakottai1,9.9500000,78.6667000,Dug Well,4.00
Tamil Nadu,Sivagangai,Manamadurai,Manamadurai,Manamadurai2,9.6875000,78.4528000,Dug Well,4.20
Tamil Nadu,Sivagangai,R.S.Mangalam,Thiruvegampathu,Thiruvegamputhur,9.8333300,78.7833000,Dug Well,3.30
Tamil Nadu,Sivagangai,Sakkottai,Kanadukattan,Chettinadu,10.1625000,78.7792000,Dug Well,3.00
Tamil Nadu,Sivagangai,Sakkottai,Karaikkudi,Nattarasankottai,10.0800000,78.7800000,Dug Well,1.10
Tamil Nadu,Sivagangai,Singampunari,Singampunari North,Singapuneri,10.1842000,78.4236000,Dug Well,4.50
Tamil Nadu,Sivagangai,Sivaganga,Kilapoongudi,Sivaganga1,9.9541700,78.4861000,Dug Well,4.60
STATE/UT,DISTRICT,TEHSIL/BLOCK,VILLAGE NAME,SITE NAME,LATITUDE,LONGITUDE,WELL SITE TYPE,WATER
"",,NAME,,,,,,LEVEL
"",,,,,,,,(mbgl)
Tamil Nadu,Sivagangai,Sivaganga,Sivaganga,Muthupettai,9.8569400,78.4833000,Bore Well,4.10
Tamil Nadu,Sivagangai,Thirupathur,Kandavarayanpatti,Kappalur (T),10.1417000,78.6083000,Dug Well,1.70
Tamil Nadu,Sivagangai,Thirupathur,Thiruppathur,Thirupattur,10.1083000,78.6000000,Dug Well,1.90
Tamil Nadu,Tenkasi,Kadayam,Anainthaperumalnada,Alwarkurichi,8.7916700,77.4333000,Dug Well,2.54
"",,,noor,,,,,
Tamil Nadu,Tenkasi,Kadayanallur,Kadayanallur(Krishnap,Kadayanallur1,9.0833300,77.3500000,Dug Well,4.38
"",,,uram),,,,,
Tamil Nadu,Tenkasi,Keezhapavur,Alangulam,Alangulam1,8.8625000,77.5056000,Dug Well,15.58
Tamil Nadu,Tenkasi,Melneelithanallur,Keelaneelithanallur,P.Chatram,9.1183300,77.6125000,Dug Well,8.32
Tamil Nadu,Tenkasi,Sankarankoil,Chandirangondan,Sankarankoil1,9.2083300,77.5583000,Bore Well,4.29
Tamil Nadu,Tenkasi,Sankarankoil,Chandirangondan,Sankarankoil2,9.2083300,77.5583000,Dug Well,2.85
Tamil Nadu,Tenkasi,Shenkottah,Sengottai Keelur,Sencottai,8.9722200,77.2528000,Dug Well,4.23
Tamil Nadu,Tenkasi,Tenkasi,Kallurani,R.Pattinam,8.9255600,77.3542000,Dug Well,1.85
Tamil Nadu,Tenkasi,Tenkasi,Thippanampatti,Thiraviyarnagar,8.8769400,77.3458000,Dug Well,1.44
Tamil Nadu,Tenkasi,Vasudevanallur,Sivagiri - Part-1,Sivagiri,9.3402800,77.4278000,Dug Well,3.20
Tamil Nadu,Tenkasi,Vasudevanallur,Thirumalainayakan,Chintamani,9.1666700,77.4000000,Dug Well,0.94
"",,,Pudukkudi,,,,,
Tamil Nadu,Tenkasi,Vasudevanallur,Vasudevanallur,Vasudevanallur2,9.2416700,77.4083000,Dug Well,4.36
Tamil Nadu,Thanjavur,Budalur,Pachur(Chellappanpett,T Budalur,10.7667000,78.9972000,Dug Well,3.17
"",,,ai),,,,,
Tamil Nadu,Thanjavur,Budalur,Pudukkudi,Thiruvilapatti,10.7339000,78.8711000,Dug Well,2.83
"",,,Vadapathi(Pudukkudi,,,,,
"",,,Thenpathi),,,,,
Tamil Nadu,Thanjavur,Budalur,Pudupatti,Sanarpatti1,10.7167000,78.9622000,Dug Well,5.14
Tamil Nadu,Thanjavur,Budalur,Thirukkattupalli,Puduchataram,10.8542000,78.9517000,Dug Well,2.29
Tamil Nadu,Thanjavur,Kumbakonam,Pandaravadai,Kumbakonam1,10.9750000,79.3917000,Dug Well,5.32
"",,,Perumandi,,,,,
Tamil Nadu,Thanjavur,Madukkur,Aavikkottai,Aavikottai,10.5475000,79.4258000,Dug Well,4.81
Tamil Nadu,Thanjavur,Orathanadu,Eachankottai,Icchankottai1,10.6500000,79.1778000,Dug Well,2.63
Tamil Nadu,Thanjavur,Papanasam,Papanasam(Thirupallat,Papanasam,10.9250000,79.2750000,Dug Well,1.36
"",,,hurai),,,,,
Tamil Nadu,Thanjavur,Papanasam,Perumakkanallur,Pulavamatham,10.8542000,79.2103000,Dug Well,0.33
STATE/UT,DISTRICT,TEHSIL/BLOCK,VILLAGE NAME,SITE NAME,LATITUDE,LONGITUDE,WELL SITE TYPE,WATER
"",,NAME,,,,,,LEVEL
"",,,,,,,,(mbgl)
Tamil Nadu,Thanjavur,Papanasam,Thirukkarukavur,Thirukarukuvur,10.8667000,79.2833000,Dug Well,1.31
Tamil Nadu,Thanjavur,Pattukkottai,Pattukkottai(Maharaja,Pattukottai1,10.4250000,79.3000000,Dug Well,5.41
"",,,puram Samuthiram),,,,,
Tamil Nadu,Thanjavur,Thanjavur,Madikai,Madigai,10.7150000,79.2056000,Dug Well,0.41
Tamil Nadu,Thanjavur,Thanjavur,Pillaiyarpatti,Melvastrachavdi,10.7347000,79.1042000,Dug Well,16.32
Tamil Nadu,Thanjavur,Thanjavur,Thanjavur,Thanjavur,10.7750000,79.1083000,Dug Well,4.93
Tamil Nadu,Thanjavur,Thanjavur,Vallam South,Vallam,10.7183000,79.0625000,Dug Well,4.16
Tamil Nadu,Thanjavur,Thiruvaiyaru,Vadukakkudi,Vaduvakudi,10.8781000,79.0356000,Dug Well,1.42
Tamil Nadu,Thanjavur,Thiruvidaimaruthur,Sathanur,Narsinganpettai,11.0167000,79.5056000,Dug Well,2.11
Tamil Nadu,Thanjavur,Tiruppanandal,Ukkarai,Lower Anaicut,11.1250000,79.4542000,Dug Well,2.25
Tamil Nadu,The Nilgiris,Gudalur,Cherangode1(Cherang,Cherambadi,11.5125000,76.2750000,Dug Well,3.46
"",,,ode-1Jenmam),,,,,
Tamil Nadu,The Nilgiris,Gudalur,Devala 1,Nadugani,11.4708000,76.4114000,Dug Well,8.82
Tamil Nadu,The Nilgiris,Gudalur,Gudalur 1,Gudalur,11.4997000,76.4861000,Bore Well,5.62
Tamil Nadu,The Nilgiris,Gudalur,Nelliyalam 1,Pandalur,11.4778000,76.3472000,Dug Well,3.30
Tamil Nadu,The Nilgiris,Kothagiri,Idaippalli,Wellington,11.3833000,76.8083000,Dug Well,2.24
Tamil Nadu,The Nilgiris,Kothagiri,Jackanarai,Mullur,11.3583000,76.9083000,Dug Well,3.80
Tamil Nadu,The Nilgiris,Kothagiri,Kotagiri -1,Kothagiri,11.4333000,76.8639000,Dug Well,16.54
Tamil Nadu,The Nilgiris,Udagamandalam,Udhagai - Rural,Udhagamandalam,11.3972000,76.7000000,Dug Well,1.75
Tamil Nadu,The Nilgiris,Udagamandalam,Wenlock Downs,Pykara,11.4667000,76.6125000,Dug Well,2.70
Tamil Nadu,Theni,Andipatti,Andipatti(Tp),Andipatti2,9.9958300,77.6292000,Dug Well,4.90
Tamil Nadu,Theni,Bodinayakanur,Allinagaram,Theni2,10.0278000,77.4750000,Dug Well,4.65
Tamil Nadu,Theni,Bodinayakanur,Veerapandi,Kodangipatti,9.9916700,77.4361000,Dug Well,1.25
Tamil Nadu,Theni,Bodinayakanur,Veerapandi,Veerapandi,9.9625000,77.4500000,Dug Well,5.92
Tamil Nadu,Theni,Bodinayakanur,Veerapandi,Veerapandi Pz,9.9605600,77.4467000,Bore Well,5.62
Tamil Nadu,Theni,Chinnamanur,Seelayampatti,Seelampatti Pz,9.8741700,77.3928000,Bore Well,2.99
Tamil Nadu,Theni,Cumbum,N.T.Patti-Hills,Gudalur2,9.7000000,77.3000000,Dug Well,10.60
Tamil Nadu,Theni,Cumbum,Uthamapuram,Cumbum,9.7416700,77.2847000,Dug Well,7.40
Tamil Nadu,Theni,Periyakulam,Genguvarpatti Bit - 1,Devadanapatti,10.1528000,77.6583000,Dug Well,2.05
STATE/UT,DISTRICT,TEHSIL/BLOCK,VILLAGE NAME,SITE NAME,LATITUDE,LONGITUDE,WELL SITE TYPE,WATER
"",,NAME,,,,,,LEVEL
"",,,,,,,,(mbgl)
Tamil Nadu,Theni,Periyakulam,Melmangalam Bit -- 1,Bodinaickanur Dw,10.0989000,77.5717000,Dug Well,3.14
Tamil Nadu,Theni,Periyakulam,Melmangalam Bit -- 1,Vadugapatti Dw,10.0989000,77.5717000,Dug Well,6.78
Tamil Nadu,Theni,Periyakulam,Melmangalam Bit -- 2,Myladumparai Dw,10.0989000,77.5717000,Dug Well,6.00
Tamil Nadu,Theni,Periyakulam,Periyakulam,Periyakulam,10.1208000,77.5500000,Dug Well,6.04
Tamil Nadu,Theni,Theni,Vallalnathi,Gandamanur,9.9183300,77.5217000,Dug Well,3.90
Tamil Nadu,Theni,Uthamapalayam,Uthamapalayam-North,Uttamapalayam,9.8083300,77.3333000,Dug Well,1.03
Tamil Nadu,Thiruvarur,Kodavasal,Achchuthamangalam,Nannilam,10.8875000,79.6000000,Dug Well,2.41
Tamil Nadu,Thiruvarur,Kodavasal,Vilagam,Peralam,10.9606000,79.5733000,Dug Well,1.33
Tamil Nadu,Thiruvarur,Mannargudi,Aravattur,Mannargudi,10.6833000,79.4667000,Dug Well,3.26
Tamil Nadu,Thiruvarur,Mannargudi,Mangudi,Pangal,10.7208000,79.6417000,Dug Well,4.42
Tamil Nadu,Thiruvarur,Needamangalam,Rishiyur,Needamangalam,10.7458000,79.4708000,Dug Well,3.43
Tamil Nadu,Thiruvarur,Thiruthuraipoondi,Salt Swamp Muthupet,Thillaivilagam,10.3708000,79.5917000,Dug Well,3.01
Tamil Nadu,Thoothukudi,Karungulam,Keela Vallanadu,Devachayalpuram,8.7344400,77.9194000,Dug Well,4.96
Tamil Nadu,Thoothukudi,Karungulam,Puvani,Maniyachi1,8.8333300,77.8958000,Dug Well,10.18
Tamil Nadu,Thoothukudi,Karungulam,Vallakulam,Thailapuram,8.6083300,77.8500000,Bore Well,3.84
Tamil Nadu,Thoothukudi,Karungulam,Velur Pudukudi,Srivaikundam1,8.6250000,77.9083000,Dug Well,4.01
Tamil Nadu,Thoothukudi,Kayathar,Kalugumalai,Kalungumalai,9.1444400,77.7056000,Dug Well,2.80
Tamil Nadu,Thoothukudi,Kayathar,Kayathar,Kayattar,8.9444400,77.7750000,Dug Well,4.00
Tamil Nadu,Thoothukudi,Kayathar,Vanaramutti,Kallurani Dw,9.1430600,77.7719000,Dug Well,8.15
Tamil Nadu,Thoothukudi,Kovilpatti,Meenakshipuram,Ettayapuram,9.2177800,77.9833000,Bore Well,3.22
Tamil Nadu,Thoothukudi,Kuruvikulam,Ilaiyarasanenthal,Naduvapatty,9.2416700,77.8014000,Dug Well,5.54
Tamil Nadu,Thoothukudi,Ottapidaram,Eppodumvenran,Eppodumvendram,9.0291700,78.0458000,Dug Well,2.53
Tamil Nadu,Thoothukudi,Ottapidaram,Maniyachi,Maniyachi,8.8666700,77.9000000,Bore Well,3.95
Tamil Nadu,Thoothukudi,Ottapidaram,Ottapidaram,Muppilipatti Dw,8.9011100,78.0256000,Dug Well,2.35
Tamil Nadu,Thoothukudi,Ottapidaram,Sindalakattai,Kurukkuchalai,8.9305600,78.0917000,Dug Well,5.32
Tamil Nadu,Thoothukudi,Pudur,Nagalapuram,Nagalapuram,9.2333300,78.1306000,Dug Well,4.16
STATE/UT,DISTRICT,TEHSIL/BLOCK,VILLAGE NAME,SITE NAME,LATITUDE,LONGITUDE,WELL SITE TYPE,WATER
"",,NAME,,,,,,LEVEL
"",,,,,,,,(mbgl)
Tamil Nadu,Thoothukudi,Pudur,Vembur,Vembur,9.3250000,78.0819000,Dug Well,5.46
Tamil Nadu,Thoothukudi,Sattankulam,Pannamparai,Nazareth,8.4375000,77.9736000,Dug Well,2.15
Tamil Nadu,Thoothukudi,Sattankulam,Sattankulam,Sathankulam-N,8.4444400,77.9000000,Dug Well,7.74
Tamil Nadu,Thoothukudi,Sattankulam,Srivenkateswarapuram,Paikulam,8.5180600,77.8556000,Bore Well,10.27
Tamil Nadu,Thoothukudi,Sattankulam,Srivenkateswarapuram,Saidunganallur,8.4958300,77.8333000,Dug Well,4.88
Tamil Nadu,Thoothukudi,Srivaikuntam,Mukkani,Mukkani Dw,8.6341700,78.0736000,Dug Well,2.05
Tamil Nadu,Thoothukudi,Srivaikuntam,Perungulam,Perunkulam,8.6438900,77.9978000,Dug Well,1.38
Tamil Nadu,Thoothukudi,Thiruchendur,Keela Tiruchendur,Tiruchendur-E,8.4944400,78.1222000,Dug Well,4.85
Tamil Nadu,Thoothukudi,Thiruchendur,Keela Tiruchendur,Tiruchendur-W,8.4958300,78.1208000,Dug Well,1.42
Tamil Nadu,Thoothukudi,Thoothukudi,Thoothukkudi Part-1,Tuticorin1,8.8083300,78.1389000,Dug Well,1.97
Tamil Nadu,Thoothukudi,Udangudi,Kalankudiyiruppu,Udangudi Dw,8.4341700,78.0292000,Dug Well,8.69
Tamil Nadu,Thoothukudi,Udangudi,Kulasekarapattanam,Kulasekharaptnm,8.4000000,78.0542000,Dug Well,3.98
Tamil Nadu,Thoothukudi,Vilathikulam,Vaippar-I,Mettupanaiyur Dw,9.0316700,78.2522000,Dug Well,4.37
Tamil Nadu,Thoothukudi,Vilathikulam,Vilathikulam,Karisalkulam,9.1500000,78.1667000,Dug Well,6.34
Tamil Nadu,Tiruchirappalli,Andanallur,Jambukeshwaram(Kon,Srirangam,10.8558000,78.6867000,Dug Well,3.17
"",,,dayampettai),,,,,
Tamil Nadu,Tiruchirappalli,Andanallur,Jambukeshwaram(Kon,Thiruchirapalli,10.8542000,78.7083000,Bore Well,2.46
"",,,dayampettai),,,,,
Tamil Nadu,Tiruchirappalli,Andanallur,Jambukeshwaram(Kon,Tiruvanaikovil,10.8528000,78.7064000,Dug Well,3.21
"",,,dayampettai),,,,,
Tamil Nadu,Tiruchirappalli,Andanallur,Sirugamani East,Tiruvasi,10.8906000,78.5317000,Dug Well,3.71
Tamil Nadu,Tiruchirappalli,Andanallur,Trichy,Mudaliarchatram,10.8003000,78.6967000,Dug Well,3.63
"",,,Town(Chinnavadavoor),,,,,
Tamil Nadu,Tiruchirappalli,Andanallur,Trichy,Oodathurai Odakarai,10.8367000,78.6992000,Dug Well,4.25
STATE/UT,DISTRICT,TEHSIL/BLOCK,VILLAGE NAME,SITE NAME,LATITUDE,LONGITUDE,WELL SITE TYPE,WATER
"",,NAME,,,,,,LEVEL
"",,,,,,,,(mbgl)
Tamil Nadu,Tiruchirappalli,Andanallur,Trichy,Puttur-Thennur,10.8147000,78.6794000,Dug Well,5.32
"",,,Town(Chinnavadavoor),,,,,
Tamil Nadu,Tiruchirappalli,Lalgudi,Angarai,Angarai,10.8769000,78.7978000,Dug Well,3.15
Tamil Nadu,Tiruchirappalli,Lalgudi,Jambukeshwaram(Kon,Samayapuram,10.8458000,78.7486000,Dug Well,3.16
"",,,dayampettai),,,,,
Tamil Nadu,Tiruchirappalli,Lalgudi,Pappakurichi,Kattur,10.8047000,78.7439000,Dug Well,0.53
Tamil Nadu,Tiruchirappalli,Lalgudi,Pullambadi(South),Pullambadi1,10.9417000,78.9125000,Dug Well,4.29
Tamil Nadu,Tiruchirappalli,Manachanallur,Avaravalli,Manachanallur,10.9850000,78.7656000,Bore Well,2.10
Tamil Nadu,Tiruchirappalli,Manachanallur,Jambukeshwaram(Kon,Kollidam Karai,10.8692000,78.6906000,Dug Well,5.32
"",,,dayampettai),,,,,
Tamil Nadu,Tiruchirappalli,Manachanallur,Kalpalayam,Vengankudi,10.9125000,78.7233000,Dug Well,1.32
Tamil Nadu,Tiruchirappalli,Manachanallur,Kariyamanikam(East),Sirukambur,10.9014000,78.6039000,Dug Well,3.55
Tamil Nadu,Tiruchirappalli,Manachanallur,Thriuvelarai,Thiruvallarai,10.9569000,78.6675000,Dug Well,8.44
Tamil Nadu,Tiruchirappalli,Manachanallur,Valaiyur,Siruganur,11.0014000,78.7250000,Dug Well,7.91
Tamil Nadu,Tiruchirappalli,Manapparai,Kalingapatty,Muthupandiyanpatti,10.6381000,78.4467000,Dug Well,13.31
Tamil Nadu,Tiruchirappalli,Manapparai,Manapparai(Sevalur),Manaparai,10.6144000,78.4253000,Dug Well,3.39
Tamil Nadu,Tiruchirappalli,Manapparai,Manapparai(Sevalur),Manaparai Ii,10.6147000,78.4256000,Dug Well,7.22
Tamil Nadu,Tiruchirappalli,Manapparai,Manapparai(Sevalur),Manaparai Pz,10.6144000,78.4253000,Bore Well,3.13
Tamil Nadu,Tiruchirappalli,Manikandam,K.Sathanoor South,Lic Colony Kk Nagar,10.7597000,78.6822000,Dug Well,2.10
Tamil Nadu,Tiruchirappalli,Manikandam,Kottappatu,Sembattu,10.7450000,78.7117000,Dug Well,3.11
Tamil Nadu,Tiruchirappalli,Manikandam,Periyanayakisathiram,Chattirapatti,10.7417000,78.5833000,Dug Well,4.62
Tamil Nadu,Tiruchirappalli,Marungapuri,Alagapuri,Tuvarankuruchi,10.3583000,78.3722000,Dug Well,9.31
Tamil Nadu,Tiruchirappalli,Marungapuri,Karaipatty,Manjampatti,10.3864000,78.3622000,Dug Well,13.14
STATE/UT,DISTRICT,TEHSIL/BLOCK,VILLAGE NAME,SITE NAME,LATITUDE,LONGITUDE,WELL SITE TYPE,WATER
"",,NAME,,,,,,LEVEL
"",,,,,,,,(mbgl)
Tamil Nadu,Tiruchirappalli,Marungapuri,Puthanatham,Chinnagowdanpatti,10.4575000,78.3783000,Dug Well,9.31
Tamil Nadu,Tiruchirappalli,Musiri,Musiri (Kel),Musiri2,10.9583000,78.4500000,Dug Well,2.14
Tamil Nadu,Tiruchirappalli,Musiri,Peramangalam,Peramangalam,10.9867000,78.6542000,Dug Well,10.32
Tamil Nadu,Tiruchirappalli,Musiri,Pulivalam,Pulivalam,11.0167000,78.6375000,Dug Well,4.49
Tamil Nadu,Tiruchirappalli,Musiri,Thandalaiputhur,Thandalaipudur,10.9958000,78.5306000,Dug Well,19.32
Tamil Nadu,Tiruchirappalli,Pullampady,Malvoi,Pullambadi,11.0458000,78.9583000,Bore Well,2.32
Tamil Nadu,Tiruchirappalli,Thathaiyangarpettai,Pillathurai,Thathayangarpet,11.1208000,78.4542000,Dug Well,22.14
Tamil Nadu,Tiruchirappalli,Thathaiyangarpettai,Thumbalam,Tumbalam,11.0306000,78.4328000,Dug Well,11.43
Tamil Nadu,Tiruchirappalli,Thiruverambur,Sengulam,Tiruchchirappalli1,10.7917000,78.7125000,Dug Well,3.26
Tamil Nadu,Tiruchirappalli,Thiruverambur,Thuvakudi,Thuvakkudi,10.7500000,78.8250000,Dug Well,2.95
Tamil Nadu,Tiruchirappalli,Thottiam,Tholurpatti,Thottiyam,10.9917000,78.3292000,Dug Well,10.23
Tamil Nadu,Tiruchirappalli,Thottiam,Tholurpatti,Tottiyam,10.9917000,78.3353000,Bore Well,10.21
Tamil Nadu,Tiruchirappalli,Thuraiyur,Athanur,Kannanurpalayam,11.0722000,78.5500000,Dug Well,16.21
Tamil Nadu,Tiruchirappalli,Thuraiyur,Thuraiyur,Thuraiyur,11.1500000,78.6000000,Dug Well,10.13
Tamil Nadu,Tiruchirappalli,Thuraiyur,Thuraiyur,Thurayur1,11.1444000,78.6000000,Bore Well,8.63
Tamil Nadu,Tiruchirappalli,Uppiliyapuram,Koppamapuri,Koppampatti,11.3008000,78.4972000,Dug Well,15.39
Tamil Nadu,Tiruchirappalli,Uppiliyapuram,Sikkathampur South,Ookaeri,11.2108000,78.5500000,Dug Well,14.51
Tamil Nadu,Tiruchirappalli,Uppiliyapuram,Uppliyapuram North,Uppiliyapuram,11.2622000,78.5167000,Dug Well,12.11
Tamil Nadu,Tiruchirappalli,Vaiyampatty,Vaiyampatty,Kovilpatty,10.5500000,78.3000000,Dug Well,6.81
Tamil Nadu,Tiruchirappalli,Vaiyampatty,Vaiyampatty,Vaiyampatty,10.5500000,78.3000000,Dug Well,4.83
Tamil Nadu,Tirunelveli,Ambasamudram,Mela Ambasamudram,Ambasamudram1,8.7000000,77.4389000,Dug Well,1.48
Tamil Nadu,Tirunelveli,Ambasamudram,Vickiramasingapuram -,Papanasam1,8.7111100,77.3681000,Dug Well,4.07
"",,,1,,,,,
Tamil Nadu,Tirunelveli,Cheranmadevi,Chockalingapuram,Vannikonendal,8.6611100,77.6250000,Dug Well,10.67
Tamil Nadu,Tirunelveli,Kalakadu,Cheevalaperi,Kalakkadu,8.5125000,77.5417000,Dug Well,3.92
Tamil Nadu,Tirunelveli,Kalakadu,Eidaiyankulam,Poothatan,8.5783300,77.5603000,Dug Well,7.52
STATE/UT,DISTRICT,TEHSIL/BLOCK,VILLAGE NAME,SITE NAME,LATITUDE,LONGITUDE,WELL SITE TYPE,WATER
"",,NAME,,,,,,LEVEL
"",,,,,,,,(mbgl)
Tamil Nadu,Tirunelveli,Kalakadu,Kalakadu Part-2,Idaikkal,8.5333300,77.4653000,Dug Well,1.20
Tamil Nadu,Tirunelveli,Manur,Manur,Manur1,8.8625000,77.6528000,Dug Well,1.28
Tamil Nadu,Tirunelveli,Manur,Senthimangalam(Karai,Merjara Pallivasal,8.7402800,77.6656000,Dug Well,2.10
"",,,eruppu),,,,,
Tamil Nadu,Tirunelveli,Manur,Senthimangalam(Karai,Nelliappar Temple,8.7280600,77.6883000,Dug Well,2.91
"",,,eruppu),,,,,
Tamil Nadu,Tirunelveli,Manur,Senthimangalam(Karai,Syed Beedi Company,8.7322200,77.7131000,Dug Well,2.08
"",,,eruppu),,,,,
Tamil Nadu,Tirunelveli,Manur,Senthimangalam(Karai,Tachchnallur,8.7458300,77.7000000,Dug Well,2.68
"",,,eruppu),,,,,
Tamil Nadu,Tirunelveli,Manur,Thirupanikarisalkulam,Abishekapatti,8.7625000,77.6403000,Dug Well,3.42
Tamil Nadu,Tirunelveli,Nanguneri,Munangipatti,N. Vijayanarayanam,8.5333300,77.7917000,Bore Well,5.68
Tamil Nadu,Tirunelveli,Nanguneri,Thottakudi,Marudakulam,8.5833300,77.7153000,Bore Well,6.32
Tamil Nadu,Tirunelveli,Palayamkottai,Tirunelveli,Govt.Eng College,8.6855600,77.7269000,Dug Well,4.75
"",,,Corporation(Rajagopal,,,,,
"",,,apuram),,,,,
Tamil Nadu,Tirunelveli,Palayamkottai,Tirunelveli,Ngo A Colony Dw,8.6911100,77.7383000,Dug Well,5.88
"",,,Corporation(Rajagopal,,,,,
"",,,apuram),,,,,
Tamil Nadu,Tirunelveli,Palayamkottai,Tirunelveli,Palayamkottai,8.7333300,77.7333000,Dug Well,3.26
"",,,Corporation(Rajagopal,,,,,
"",,,apuram),,,,,
Tamil Nadu,Tirunelveli,Radhapuram,Karaisuthu Uvari,Ovari,8.2866700,77.8939000,Dug Well,8.30
Tamil Nadu,Tirunelveli,Radhapuram,Karaisuthu Uvari,Uvari,8.2866700,77.8939000,Dug Well,8.30
Tamil Nadu,Tirunelveli,Radhapuram,Kuttam,Kuttam,8.3166700,77.9417000,Dug Well,5.43
Tamil Nadu,Tirunelveli,Valliyoor,Panagudi Part-,Nanguneri2,8.3166700,77.5792000,Dug Well,3.52
"",,,1(Panagudi Part-2),,,,,
Tamil Nadu,Tirunelveli,Valliyoor,Radhapuram,Radhapuram1,8.2666700,77.6847000,Dug Well,8.21
Tamil Nadu,Tirunelveli,Valliyoor,Therku Kallikulam,Valliyoor,8.3555600,77.6583000,Dug Well,4.87
Tamil Nadu,Tirupathur,Alangayam,Alangayam,Alangayam,12.6244000,78.7500000,Dug Well,2.60
STATE/UT,DISTRICT,TEHSIL/BLOCK,VILLAGE NAME,SITE NAME,LATITUDE,LONGITUDE,WELL SITE TYPE,WATER
"",,NAME,,,,,,LEVEL
"",,,,,,,,(mbgl)
Tamil Nadu,Tirupathur,Alangayam,Alangayem,Peddur Dw,12.6586000,78.7675000,Dug Well,4.30
Tamil Nadu,Tirupathur,Alangayam,Bheemakulam,Kavalur,12.5778000,78.8125000,Dug Well,9.30
Tamil Nadu,Tirupathur,Alangayam,Chinnaveppampattu,Chinnakallupalli,12.6350000,78.6039000,Dug Well,1.90
Tamil Nadu,Tirupathur,Alangayam,Vellakuttai,Vellakuttai,12.6464000,78.6992000,Dug Well,2.90
Tamil Nadu,Tirupathur,Jolarpet,Katteri,Indranagar,12.5458000,78.5764000,Dug Well,3.90
Tamil Nadu,Tirupathur,Kandhili,Badanavadi,Alankuppam,12.4625000,78.4667000,Dug Well,3.40
Tamil Nadu,Tirupathur,Kandhili,Kandili,Kandili,12.4778000,78.4556000,Bore Well,5.40
Tamil Nadu,Tirupathur,Kandhili,Simmanapudur,Perambattu,12.3722000,78.5889000,Dug Well,6.30
Tamil Nadu,Tirupathur,Madhanur,Devalapuram,Ambur Dw,12.7836000,78.7067000,Dug Well,5.20
Tamil Nadu,Tirupathur,Madhanur,Pappanapalli,Sangilikuppam,12.7250000,78.6583000,Dug Well,3.35
Tamil Nadu,Tirupathur,Madhanur,Vaniyambadi Urban,Vaniyambadi1,12.6917000,78.6250000,Dug Well,2.65
Tamil Nadu,Tirupathur,Thirupathur,Bommikuppam,Bommikuppam Dw,12.4608000,78.6231000,Dug Well,1.45
Tamil Nadu,Tirupathur,Thirupathur,Kasinaickenpatti,Kasinayakanpatty,12.4836000,78.5328000,Dug Well,1.80
Tamil Nadu,Tirupathur,Thirupathur,Puthagaram,Rayakottai,12.5111000,78.5111000,Dug Well,1.55
Tamil Nadu,Tirupathur,Thirupathur,Rachamangalam,Pasalikuttai Dw,12.4558000,78.5867000,Dug Well,2.15
Tamil Nadu,Tiruppur,Annur,Pongalur,Pongalur1,11.2958000,77.1319000,Dug Well,5.42
Tamil Nadu,Tiruppur,Avinashi,Alathur,Karavallurpz,11.2894000,77.1692000,Bore Well,12.17
Tamil Nadu,Tiruppur,Avinashi,Avinashi,Avinashi1,11.1847000,77.2750000,Dug Well,5.75
Tamil Nadu,Tiruppur,Avinashi,Vettuvampalayam,Karamadai,11.2458000,77.2125000,Dug Well,2.58
Tamil Nadu,Tiruppur,Dharapuram,Alampalaiyam,Karaiyur1,10.7639000,77.5944000,Dug Well,5.53
Tamil Nadu,Tiruppur,Dharapuram,Alankiyam,Alangiyam,10.6567000,77.4997000,Dug Well,6.50
Tamil Nadu,Tiruppur,Dharapuram,Chelampalayam,Papayampudur,10.6567000,77.4678000,Dug Well,1.50
Tamil Nadu,Tiruppur,Dharapuram,Kolathupalayam,Kolathupalayam,10.7639000,77.5842000,Dug Well,3.10
Tamil Nadu,Tiruppur,Dharapuram,Tharapuram South,Dharapuram2,10.7389000,77.5292000,Dug Well,3.30
Tamil Nadu,Tiruppur,Dharapuram,Vellavavipudur,Ganapathipalayam,10.7681000,77.6547000,Dug Well,3.98
Tamil Nadu,Tiruppur,Gudimangalam,Periyapatti,Periyapatti,10.7583000,77.2708000,Dug Well,7.26
Tamil Nadu,Tiruppur,Kangeyam,Kangeyam,Kangayam1,10.9917000,77.5583000,Bore Well,3.93
Tamil Nadu,Tiruppur,Kangeyam,Kangeyam,Kangayam2,11.0028000,77.5625000,Dug Well,5.25
Tamil Nadu,Tiruppur,Kangeyam,Kuttapalayam,Molengkuttipalayam,11.0672000,77.7022000,Dug Well,4.05
STATE/UT,DISTRICT,TEHSIL/BLOCK,VILLAGE NAME,SITE NAME,LATITUDE,LONGITUDE,WELL SITE TYPE,WATER
"",,NAME,,,,,,LEVEL
"",,,,,,,,(mbgl)
Tamil Nadu,Tiruppur,Kangeyam,Padiyur,Padiyur,11.0639000,77.4922000,Dug Well,8.70
Tamil Nadu,Tiruppur,Kangeyam,Sivanmalai,Erakalpudur(Sivanma,11.0308000,77.5347000,Dug Well,12.75
"",,,,lai),,,,
Tamil Nadu,Tiruppur,Kundadam,Shangarandampalayam,Kullakalpalayam,10.8044000,77.5569000,Dug Well,2.20
Tamil Nadu,Tiruppur,Kundadam,Uthiyur,Uthiyur,10.8917000,77.5292000,Dug Well,4.40
Tamil Nadu,Tiruppur,Madathukulam,Kaniyur,Kaniyur,10.6083000,77.3833000,Dug Well,2.00
Tamil Nadu,Tiruppur,Madathukulam,Komaralingam -W,Kumaralingam,10.4917000,77.3500000,Dug Well,1.28
Tamil Nadu,Tiruppur,Madathukulam,Kozhumam,Kumaralingam1,10.4833000,77.3667000,Bore Well,1.95
Tamil Nadu,Tiruppur,Madathukulam,Thungavi 1-2,Karattoluvu,10.6236000,77.3750000,Bore Well,1.70
Tamil Nadu,Tiruppur,Mulanur,Kilangundal,Pattaidurai,10.7011000,77.7394000,Dug Well,1.65
Tamil Nadu,Tiruppur,Mulanur,Komarapalaya,Nilangelvalasu Pz,10.6431000,77.7342000,Bore Well,4.95
Tamil Nadu,Tiruppur,Mulanur,Moolanur,Mulanur2,10.7917000,77.7083000,Dug Well,5.80
Tamil Nadu,Tiruppur,Mulanur,Senapathipalayam,Valadi,10.8728000,77.7647000,Dug Well,6.21
Tamil Nadu,Tiruppur,Mulanur,Thattaravalasu,Nallu Road Junction,10.8394000,77.7217000,Dug Well,3.40
Tamil Nadu,Tiruppur,Palladam,Karaipudur,Kunnakalpalayam Pz,11.0456000,77.3272000,Bore Well,4.32
Tamil Nadu,Tiruppur,Palladam,Kodangipalayam,Kaltanpet,11.0167000,77.1847000,Dug Well,9.60
"",,,,(Karanampettai),,,,
Tamil Nadu,Tiruppur,Palladam,Muthanampalayam,Peruntholavu Pz,11.0467000,77.3814000,Bore Well,9.05
Tamil Nadu,Tiruppur,Palladam,Palladam,Palladam,10.9958000,77.2778000,Dug Well,11.25
Tamil Nadu,Tiruppur,Palladam,Vadugapalayam,Palladam2,10.9917000,77.2806000,Bore Well,8.00
Tamil Nadu,Tiruppur,Palladam,Veerapandi,Palavanchipalayam,11.0689000,77.3519000,Bore Well,1.77
"",,,,Pz,,,,
Tamil Nadu,Tiruppur,Pongalur,Nachipalayam,Nachipalayam,11.0833000,77.4458000,Dug Well,4.55
Tamil Nadu,Tiruppur,Pongalur,North Avinasipalayam,Andipalayam,11.0050000,77.4039000,Bore Well,1.72
Tamil Nadu,Tiruppur,Thiruppur,Kaniyampoondi,Kaniyampoondi Pz,11.1289000,77.2833000,Bore Well,4.46
Tamil Nadu,Tiruppur,Thiruppur,Mudalipalayam,Ganganaickenpalaya,11.1092000,77.4356000,Bore Well,14.37
STATE/UT,DISTRICT,TEHSIL/BLOCK,VILLAGE NAME,SITE NAME,LATITUDE,LONGITUDE,WELL SITE TYPE,WATER
"",,NAME,,,,,,LEVEL
"",,,,,,,,(mbgl)
Tamil Nadu,Tiruppur,Thiruppur,Mudalipalayam,Tiruppur Agraharam,11.1253000,77.4133000,Dug Well,4.85
Tamil Nadu,Tiruppur,Thiruppur,Muthanampalayam,Kovilvazhi I,11.0581000,77.3875000,Dug Well,3.50
Tamil Nadu,Tiruppur,Thiruppur,Muthanampalayam,Kovilvazhi Iv,11.0583000,77.3889000,Dug Well,2.65
Tamil Nadu,Tiruppur,Thiruppur,Muthanampalayam,Rengagoundanpalaya,11.0697000,77.3844000,Bore Well,3.26
"",,,,m Pz,,,,
Tamil Nadu,Tiruppur,Thiruppur,Nallur,Kasipalayam (T),11.1156000,77.3858000,Dug Well,5.30
Tamil Nadu,Tiruppur,Thiruppur,Perumanallur,Perumanallur,11.2069000,77.3606000,Dug Well,5.88
Tamil Nadu,Tiruppur,Thiruppur,Thottipalayam,Boyampalayam Pz,11.1347000,77.3519000,Bore Well,2.00
Tamil Nadu,Tiruppur,Thiruppur,Tiruppur,Amarjothinagar,11.1078000,77.3703000,Dug Well,1.13
Tamil Nadu,Tiruppur,Thiruppur,Tiruppur,Odakadu,11.1117000,77.3342000,Dug Well,6.32
Tamil Nadu,Tiruppur,Thiruppur,Tiruppur,Oothukadu,11.1119000,77.3344000,Dug Well,12.20
Tamil Nadu,Tiruppur,Thiruppur,Tiruppur,P.N.Road,11.1192000,77.3400000,Dug Well,4.50
Tamil Nadu,Tiruppur,Thiruppur,Tiruppur,Tiruppur1,11.1014000,77.3542000,Dug Well,7.28
Tamil Nadu,Tiruppur,Thiruppur,Tiruppur,Weekly Market,11.0881000,77.3431000,Dug Well,2.94
Tamil Nadu,Tiruppur,Thiruppur,Veerapandi,Nagalapuram Pz,11.0756000,77.3628000,Bore Well,2.25
Tamil Nadu,Tiruppur,Udumalaipettai,Devanurputhur,Devanur Pudur Pz,10.5542000,77.0856000,Bore Well,6.15
Tamil Nadu,Tiruppur,Udumalaipettai,Kanakampalayam,Udumalpet1,10.5833000,77.2472000,Dug Well,2.18
Tamil Nadu,Tiruppur,Uthukuli,Anaipalayam,Arugampalayam,11.1247000,77.4644000,Dug Well,2.24
Tamil Nadu,Tiruppur,Uthukuli,Chengappalli,Chengapalli1,11.2000000,77.4250000,Dug Well,5.10
Tamil Nadu,Tiruppur,Uthukuli,Kunnathur,Kunnathur1,11.2694000,77.4139000,Dug Well,5.40
Tamil Nadu,Tiruppur,Uthukuli,Virumandampalayam,Otti Vilangadu,11.2242000,77.4186000,Dug Well,5.52
Tamil Nadu,Tiruppur,Vellakoil,Senapathipalayam,Puduppai Pz,10.9586000,77.7225000,Bore Well,4.60
Tamil Nadu,Tiruppur,Vellakoil,Velampalayam,Muttur1,11.0417000,77.7333000,Dug Well,3.35
Tamil Nadu,Tiruppur,Vellakoil,Vellakoil,Olapalayam Pz,10.9583000,77.6833000,Bore Well,11.20
Tamil Nadu,Tiruppur,Vellakoil,Vellakoil,Vellakoil,10.9444000,77.7153000,Dug Well,2.06
Tamil Nadu,Tiruvallur,Ellapuram,Uthukottai,Uthukottai1,13.3417000,79.9083000,Dug Well,2.90
Tamil Nadu,Tiruvallur,Gummidipoondi,Arani,Palavakkam (T),11.4158330,80.1300000,Dug Well,1.30
Tamil Nadu,Tiruvallur,Gummidipoondi,Old Gummidipoondi,Gummidipoondi,13.4000000,80.1333000,Dug Well,3.60
Tamil Nadu,Tiruvallur,Gummidipoondi,Periyapalayam,Periyapalyam,13.3125000,80.0500000,Dug Well,3.40
STATE/UT,DISTRICT,TEHSIL/BLOCK,VILLAGE NAME,SITE NAME,LATITUDE,LONGITUDE,WELL SITE TYPE,WATER
"",,NAME,,,,,,LEVEL
"",,,,,,,,(mbgl)
Tamil Nadu,Tiruvallur,Gummidipoondi,Thurapallam,Elavur Dw,13.4647000,80.1119000,Dug Well,3.80
Tamil Nadu,Tiruvallur,Kadambathur,Koppur,Mettukandigai,13.0667000,79.9667000,Dug Well,5.20
Tamil Nadu,Tiruvallur,Kadambathur,Pinjivakkam,Andersonpet,13.0625000,79.8625000,Dug Well,1.95
Tamil Nadu,Tiruvallur,Minjur,Athipattu,Attipattu,13.2625000,80.2903000,Dug Well,0.90
Tamil Nadu,Tiruvallur,Minjur,Kadapakkam,Kadapakkam Dw,13.3791670,80.2922220,Dug Well,2.80
Tamil Nadu,Tiruvallur,Minjur,Minjur,Minjur Dw,13.2703000,80.2631000,Dug Well,1.50
Tamil Nadu,Tiruvallur,Minjur,Nandiyampakkam,Nandiambakkam,13.2667000,80.2792000,Dug Well,1.60
Tamil Nadu,Tiruvallur,Minjur,Neidavoyal(Neithavoya,Voyalur Dw,13.3092000,80.2750000,Dug Well,2.35
"",,,l 2),,,,,
Tamil Nadu,Tiruvallur,Minjur,Ponneri 1(Ponneri 2),Ponneri Dw,13.3419000,80.1892000,Dug Well,4.55
Tamil Nadu,Tiruvallur,Minjur,Thirupalaivanam 1,Thirupalaivanam Dw,13.4022000,80.2486000,Dug Well,1.60
Tamil Nadu,Tiruvallur,Minjur,Vayaloor 2,Sangaibedu,13.3256000,80.2922000,Dug Well,1.45
Tamil Nadu,Tiruvallur,Minjur,Vayaloor 2,Thiruvellavoyal Dw,13.3319000,80.2792000,Dug Well,1.35
Tamil Nadu,Tiruvallur,Poonamallee,Koladi,Tiruverkadu,13.0700000,80.1289000,Dug Well,3.10
Tamil Nadu,Tiruvallur,Poonamallee,Meppur,Mepperu,13.0292000,80.0800000,Dug Well,3.20
Tamil Nadu,Tiruvallur,Poonamallee,Palanjur,Pappanchatram,13.0314000,80.0389000,Dug Well,3.40
Tamil Nadu,Tiruvallur,Poonamallee,Thandurai,Pattabiram Periurban,13.1211000,80.0617000,Dug Well,3.10
Tamil Nadu,Tiruvallur,Poonamallee,Thirumazhisai,Tirumazhisai,13.0625000,80.0625000,Dug Well,3.20
Tamil Nadu,Tiruvallur,Poonamallee,Varadharajapuram,Poonamallee,13.0567000,80.0819000,Dug Well,2.10
Tamil Nadu,Tiruvallur,Poondi,Pattaraiperumbudur,Pattarperumpudr,13.1542000,79.8292000,Dug Well,1.50
Tamil Nadu,Tiruvallur,Poondi,Tiruvallur(Periyakuppa,Tiruvallur,13.1416670,79.1416670,Dug Well,4.20
"",,,m),,,,,
Tamil Nadu,Tiruvallur,Sholavaram,Attanthanagal,Ennur Talaikuppam,13.2014000,80.1525000,Dug Well,3.50
Tamil Nadu,Tiruvallur,Sholavaram,Padiyanallur,Padiyanallur,13.2042000,80.1792000,Dug Well,1.90
Tamil Nadu,Tiruvallur,Thiruvalangadu,Panapakkam,Kanakammachatrm,13.2083000,79.7500000,Dug Well,2.25
STATE/UT,DISTRICT,TEHSIL/BLOCK,VILLAGE NAME,SITE NAME,LATITUDE,LONGITUDE,WELL SITE TYPE,WATER
"",,NAME,,,,,,LEVEL
"",,,,,,,,(mbgl)
Tamil Nadu,Tiruvallur,Thiruvalangadu,Veeraragavapuram A,Tiruvalangadu,13.1250000,79.7667000,Dug Well,4.50
Tamil Nadu,Tiruvallur,Tiruthani,Cherukkanur,Tiruttani1,13.1417000,79.5417000,Bore Well,5.15
Tamil Nadu,Tiruvallur,Tiruthani,Dharanivaragapuram,Agoor,13.1897000,79.5831000,Bore Well,3.30
Tamil Nadu,Tiruvallur,Tiruthani,Tiruttani,Madam,13.1728000,79.6128000,Bore Well,1.60
Tamil Nadu,Tiruvallur,Tiruthani,Tiruttani,Poonimangadu,13.1750000,79.6083000,Bore Well,2.20
Tamil Nadu,Tiruvallur,Tiruthani,Tiruttani,Tiruttani,13.1875000,79.6083000,Dug Well,2.00
Tamil Nadu,Tiruvallur,Villivakkam,Koilpadagai,Kovilpathagai,13.1428000,80.0969000,Dug Well,2.20
Tamil Nadu,Tiruvallur,Villivakkam,Thirumullaivoyal,Annur Shankarnagar,13.1164000,80.1308000,Dug Well,2.80
Tamil Nadu,Tiruvallur,Villivakkam,Thirumullaivoyal,Chozambedu,13.1203000,80.1400000,Dug Well,1.35
Tamil Nadu,Tiruvallur,Villivakkam,Vellanur,Vellanur,13.1656000,80.1178000,Dug Well,2.00
Tamil Nadu,Tiruvannamalai,Anakkavoor,Veerambakkam,Melmakotturoad,12.5917000,79.6250000,Dug Well,1.60
Tamil Nadu,Tiruvannamalai,Chengam,Anathavadi,Anandavadi,12.2583000,78.6625000,Dug Well,6.90
Tamil Nadu,Tiruvannamalai,Chengam,Melravandavadi,Melravandavadi,12.2083000,78.7083000,Bore Well,3.00
Tamil Nadu,Tiruvannamalai,Chengam,Pachchal,Pachal,12.2667000,78.9417000,Dug Well,1.90
Tamil Nadu,Tiruvannamalai,Chengam,Thukkappatti,Chengum,12.2917000,78.7917000,Dug Well,6.10
Tamil Nadu,Tiruvannamalai,Chetput,Modaiyur,Modaiyur,12.5022000,79.2256000,Dug Well,2.40
Tamil Nadu,Tiruvannamalai,Cheyyar,Kodanagar(Barithipura,Cheyyar2,12.6583000,79.5333000,Dug Well,2.70
"",,,m)(Thiruvathur),,,,,
Tamil Nadu,Tiruvannamalai,Jawadu Malai,Kovilur,Jamunamarattur1,12.5944000,78.8889000,Dug Well,13.45
Tamil Nadu,Tiruvannamalai,Kalasapakkam,Elathur,Netchatramalai,12.4439000,79.0567000,Dug Well,4.00
Tamil Nadu,Tiruvannamalai,Kalasapakkam,Elathur,Netchatramalaikovil,12.4439000,79.0567000,Bore Well,1.60
"",,,,(Netchhat),,,,
Tamil Nadu,Tiruvannamalai,Pernamallur,Kannanoor,Chetpet1,12.4611000,79.3583000,Dug Well,3.40
Tamil Nadu,Tiruvannamalai,Pernamallur,Kolappalur,Kolappalur,12.5583000,79.3500000,Dug Well,1.70
Tamil Nadu,Tiruvannamalai,Pernamallur,Melpathi,Polur,12.5167000,79.5167000,Dug Well,5.00
Tamil Nadu,Tiruvannamalai,Pernamallur,Nalladisennai,Eendal,12.4361000,79.4181000,Bore Well,2.90
Tamil Nadu,Tiruvannamalai,Polur,Polur,Bagmarpet,12.5167000,79.1333000,Dug Well,4.90
Tamil Nadu,Tiruvannamalai,Polur,Puliyankuppam(Padave,Padaveedu,12.6586000,79.1150000,Dug Well,3.10
STATE/UT,DISTRICT,TEHSIL/BLOCK,VILLAGE NAME,SITE NAME,LATITUDE,LONGITUDE,WELL SITE TYPE,WATER
"",,NAME,,,,,,LEVEL
"",,,,,,,,(mbgl)
Tamil Nadu,Tiruvannamalai,Polur,Venmani,Venmani,12.5094000,79.1469000,Dug Well,3.00
Tamil Nadu,Tiruvannamalai,Pudupalayam,Karapattu,Pudupalayam,12.3611000,78.8792000,Bore Well,1.50
Tamil Nadu,Tiruvannamalai,Thandrampet,Se. Andapattu,Thanipadi,12.1083000,78.8375000,Dug Well,3.00
Tamil Nadu,Tiruvannamalai,Thandrampet,Thandarampattu,Thandarampattu,12.1542000,78.9458000,Dug Well,7.00
Tamil Nadu,Tiruvannamalai,Thiruvannamalai,Thiruvannamalai,Tiruvannamalai1,12.2250000,79.0667000,Dug Well,4.50
Tamil Nadu,Tiruvannamalai,Vandavasi,Biruthur,Vandavasi2,12.5000000,79.6333000,Dug Well,2.60
Tamil Nadu,Vellore,Anaicut,Vunai,Palligonda,12.9000000,78.9458000,Bore Well,7.67
Tamil Nadu,Vellore,Gudiyatham,Nellorepettai,Nellurpettai Dw,12.9444000,78.8439000,Dug Well,1.63
Tamil Nadu,Vellore,Gudiyatham,Sethuvandai,Sennarayanapalle,12.9578000,78.9103000,Dug Well,3.95
Tamil Nadu,Vellore,K.V.Kuppam,Palayakrishnapuram,Kv Kuppam,12.9611000,78.9800000,Bore Well,6.62
Tamil Nadu,Vellore,K.V.Kuppam,Veppanganeri,Veppaneri,12.9556000,78.9944000,Dug Well,4.25
Tamil Nadu,Vellore,Katpadi,Jabrapettai,Katpadi,12.9722000,79.1125000,Dug Well,4.00
Tamil Nadu,Vellore,Pernampattu,Machampattu,Machampattu,12.8667000,78.7083000,Dug Well,10.65
Tamil Nadu,Vellore,Vellore,Abdullapuram,Abdullapuram Dw,12.9133000,79.0856000,Dug Well,3.50
Tamil Nadu,Vellore,Vellore,Pennathur,Kesavapuram,12.8525000,79.1097000,Dug Well,3.30
Tamil Nadu,Villupuram,Gingee,Aalampoondi,Allampundi,12.2483000,79.3397000,Dug Well,1.45
Tamil Nadu,Villupuram,Gingee,Aalampoondi,Melporadikuppam,12.2500000,79.3317000,Dug Well,2.75
"",,,,Dw,,,,
Tamil Nadu,Villupuram,Gingee,Gingee,Gingee1,12.2500000,79.4167000,Bore Well,1.48
Tamil Nadu,Villupuram,Gingee,Sakkarapuram,Gingee2,12.2522000,79.4167000,Dug Well,3.99
Tamil Nadu,Villupuram,Kanai,Kanai,Kanai Pz,11.9550000,79.4183000,Bore Well,1.63
Tamil Nadu,Villupuram,Mailam,Kodima,Kodima Dw,12.1717000,79.5972000,Dug Well,2.60
Tamil Nadu,Villupuram,Mailam,Peramandoor,Gopalapuram Dw,12.2283000,79.5700000,Dug Well,8.00
"",,,East(Peramandoor,,,,,
"",,,West),,,,,
Tamil Nadu,Villupuram,Mailam,Thenpasiyar,Thenpasar,12.1922000,79.6261000,Dug Well,3.00
Tamil Nadu,Villupuram,Marakkanam,Annamputhur,Tehzbazar,12.1833000,79.6667000,Bore Well,2.22
Tamil Nadu,Villupuram,Marakkanam,Koonimedu,Kunimedu Pz,12.0944000,79.8928000,Bore Well,2.04
Tamil Nadu,Villupuram,Marakkanam,Kurumparam,Sathanur,12.2097000,79.8878000,Dug Well,2.10
Tamil Nadu,Villupuram,Marakkanam,Marakkanam (North),Marakkanam,12.2083000,79.9583000,Dug Well,3.50
Tamil Nadu,Villupuram,Marakkanam,Siruvadi,Siruvadi Dw,12.2047000,79.8439000,Dug Well,2.30
STATE/UT,DISTRICT,TEHSIL/BLOCK,VILLAGE NAME,SITE NAME,LATITUDE,LONGITUDE,WELL SITE TYPE,WATER
"",,NAME,,,,,,LEVEL
"",,,,,,,,(mbgl)
Tamil Nadu,Villupuram,Melmalayanur,Avalurpettai,Avalurpet-A,12.3347000,79.2458000,Dug Well,2.45
Tamil Nadu,Villupuram,Melmalayanur,Valathi,Arani,12.3500000,79.3500000,Dug Well,1.80
Tamil Nadu,Villupuram,Mugaiyur,Arakandanallur,Arakandanallur,11.9742000,79.2258000,Dug Well,2.07
Tamil Nadu,Villupuram,Olakkur,Annampakkam,Ollakkur,12.2889000,79.8008000,Dug Well,2.10
Tamil Nadu,Villupuram,Vallam,Vallam,Vallam Pz,12.2558000,79.5072000,Bore Well,3.96
Tamil Nadu,Villupuram,Vanur,Kiliyanur (East),Kiliyanur,12.1042000,79.7417000,Dug Well,1.90
Tamil Nadu,Villupuram,Vanur,Nallavur,Nallavurpudur Dw,12.1344000,79.7600000,Dug Well,3.90
Tamil Nadu,Villupuram,Vanur,Thirusitrampalam,Tiruchidrambalam,11.9917000,79.7833000,Dug Well,4.70
Tamil Nadu,Villupuram,Vikkiravandi,Aavadaiyarpattu,Vikravandi,12.0375000,79.5625000,Bore Well,2.23
Tamil Nadu,Virudhunagar,Aruppukottai,Aruppukkottai (W),Aruppukottai-W,9.5125000,78.0958000,Dug Well,4.85
Tamil Nadu,Virudhunagar,Aruppukottai,Kovilankulam,Palavanatham,9.5666700,78.0750000,Bore Well,5.02
Tamil Nadu,Virudhunagar,Kariayapatti,Aviyur,Aviyur Dw,9.7388900,78.1008000,Dug Well,3.26
Tamil Nadu,Virudhunagar,Rajapalayam,Cholapuram-,Choolapuram,9.3833300,77.5583000,Bore Well,3.21
"",,,1(Cholapuram-2),,,,,
Tamil Nadu,Virudhunagar,Rajapalayam,Kovilur,Devadanam1,9.3833300,77.4656000,Dug Well,3.23
Tamil Nadu,Virudhunagar,Rajapalayam,Sammandhapuram,Rajapalayam1,9.4625000,77.5417000,Dug Well,3.85
Tamil Nadu,Virudhunagar,Rajapalayam,Srivilliputtur,Ayyanarkoil Dw,9.5116700,77.4542000,Dug Well,7.20
Tamil Nadu,Virudhunagar,Sattur,Nenmeni,Nenmeni1,9.3250000,78.0083000,Bore Well,4.52
Tamil Nadu,Virudhunagar,Sivakasi,Erichanatham,Erichanatham,9.6333300,77.8167000,Dug Well,1.84
Tamil Nadu,Virudhunagar,Sivakasi,Sivakasi,Sivakasi2,9.4500000,77.7917000,Dug Well,2.67
Tamil Nadu,Virudhunagar,Sivakasi,Vadapatti,Vadapatti,9.5108300,77.7550000,Dug Well,6.93
Tamil Nadu,Virudhunagar,Srivilliputhur,Malli,Mullikulam,9.4986100,77.7000000,Dug Well,11.12
Tamil Nadu,Virudhunagar,Srivilliputhur,Malli,Mullikulam-V,9.4986100,77.7000000,Bore Well,5.66
Tamil Nadu,Virudhunagar,Srivilliputhur,Srivilliputtur,Srivilliputhur1,9.5000000,77.6333000,Dug Well,3.28
Tamil Nadu,Virudhunagar,Thiruchuli,Narthampatti,Kalloorani Dw,9.4638900,78.1650000,Dug Well,6.47
Tamil Nadu,Virudhunagar,Thiruchuli,Tiruchuli,Tamilpadi,9.5111100,78.1972000,Dug Well,4.90
Tamil Nadu,Virudhunagar,Vembakottai,Maraneri,Vilampatti,9.4169400,77.7506000,Dug Well,3.15
Tamil Nadu,Virudhunagar,Virudhunagar,Allampatti,Virudunagar,9.5833300,77.9542000,Dug Well,2.91
Tamil Nadu,Virudhunagar,Virudhunagar,Palavanatham,Palavanattam,9.5541700,78.0083000,Dug Well,7.81